[13:19:34 ERR] L?i khi seed d? li?u. Hay ki?m tra k?t n?i SQL Server.
Microsoft.Data.SqlClient.SqlException (0x80131904): A network-related or instance-specific error occurred while establishing a connection to SQL Server. The server was not found or was not accessible. Verify that the instance name is correct and that SQL Server is configured to allow remote connections. (provider: TCP Provider, error: 0 - The wait operation timed out.)
 ---> System.ComponentModel.Win32Exception (258): The wait operation timed out.
   at Microsoft.Data.SqlClient.SqlInternalConnection.OnError(SqlException exception, Boolean breakConnection, Action`1 wrapCloseInAction)
   at Microsoft.Data.SqlClient.TdsParser.ThrowExceptionAndWarning(TdsParserStateObject stateObj, SqlCommand command, Boolean callerHasConnectionLock, Boolean asyncClose)
   at Microsoft.Data.SqlClient.TdsParser.Connect(ServerInfo serverInfo, SqlInternalConnectionTds connHandler, TimeoutTimer timeout, SqlConnectionString connectionOptions, Boolean withFailover)
   at Microsoft.Data.SqlClient.SqlInternalConnectionTds.AttemptOneLogin(ServerInfo serverInfo, String newPassword, SecureString newSecurePassword, TimeoutTimer timeout, Boolean withFailover)
   at Microsoft.Data.SqlClient.SqlInternalConnectionTds.LoginNoFailover(ServerInfo serverInfo, String newPassword, SecureString newSecurePassword, Boolean redirectedUserInstance, SqlConnectionString connectionOptions, SqlCredential credential, TimeoutTimer timeout)
   at Microsoft.Data.SqlClient.SqlInternalConnectionTds.OpenLoginEnlist(TimeoutTimer timeout, SqlConnectionString connectionOptions, SqlCredential credential, String newPassword, SecureString newSecurePassword, Boolean redirectedUserInstance)
   at Microsoft.Data.SqlClient.SqlInternalConnectionTds..ctor(DbConnectionPoolIdentity identity, SqlConnectionString connectionOptions, SqlCredential credential, Object providerInfo, String newPassword, SecureString newSecurePassword, Boolean redirectedUserInstance, SqlConnectionString userConnectionOptions, SessionData reconnectSessionData, Boolean applyTransientFaultHandling, String accessToken, IDbConnectionPool pool, Func`3 accessTokenCallback)
   at Microsoft.Data.SqlClient.SqlConnectionFactory.CreateConnection(DbConnectionOptions options, DbConnectionPoolKey poolKey, DbConnectionPoolGroupProviderInfo poolGroupProviderInfo, IDbConnectionPool pool, DbConnection owningConnection, DbConnectionOptions userOptions)
   at Microsoft.Data.ProviderBase.DbConnectionFactory.CreatePooledConnection(IDbConnectionPool pool, DbConnection owningObject, DbConnectionOptions options, DbConnectionPoolKey poolKey, DbConnectionOptions userOptions)
   at Microsoft.Data.SqlClient.ConnectionPool.WaitHandleDbConnectionPool.CreateObject(DbConnection owningObject, DbConnectionOptions userOptions, DbConnectionInternal oldConnection)
   at Microsoft.Data.SqlClient.ConnectionPool.WaitHandleDbConnectionPool.UserCreateRequest(DbConnection owningObject, DbConnectionOptions userOptions, DbConnectionInternal oldConnection)
   at Microsoft.Data.SqlClient.ConnectionPool.WaitHandleDbConnectionPool.TryGetConnection(DbConnection owningObject, UInt32 waitForMultipleObjectsTimeout, Boolean allowCreate, Boolean onlyOneCheckConnection, DbConnectionOptions userOptions, DbConnectionInternal& connection)
   at Microsoft.Data.SqlClient.ConnectionPool.WaitHandleDbConnectionPool.WaitForPendingOpen()
--- End of stack trace from previous location ---
   at Microsoft.EntityFrameworkCore.Storage.RelationalConnection.OpenInternalAsync(Boolean errorsExpected, CancellationToken cancellationToken)
   at Microsoft.EntityFrameworkCore.Storage.RelationalConnection.OpenInternalAsync(Boolean errorsExpected, CancellationToken cancellationToken)
   at Microsoft.EntityFrameworkCore.Storage.RelationalConnection.OpenAsync(CancellationToken cancellationToken, Boolean errorsExpected)
   at Microsoft.EntityFrameworkCore.SqlServer.Storage.Internal.SqlServerDatabaseCreator.<>c__DisplayClass20_0.<<ExistsAsync>b__0>d.MoveNext()
--- End of stack trace from previous location ---
   at Microsoft.EntityFrameworkCore.SqlServer.Storage.Internal.SqlServerDatabaseCreator.<>c__DisplayClass20_0.<<ExistsAsync>b__0>d.MoveNext()
--- End of stack trace from previous location ---
   at Microsoft.EntityFrameworkCore.SqlServer.Storage.Internal.SqlServerDatabaseCreator.<>c__DisplayClass20_0.<<ExistsAsync>b__0>d.MoveNext()
--- End of stack trace from previous location ---
   at Microsoft.EntityFrameworkCore.Storage.ExecutionStrategy.<>c__DisplayClass30_0`2.<<ExecuteAsync>b__0>d.MoveNext()
--- End of stack trace from previous location ---
   at Microsoft.EntityFrameworkCore.Storage.ExecutionStrategy.ExecuteImplementationAsync[TState,TResult](Func`4 operation, Func`4 verifySucceeded, TState state, CancellationToken cancellationToken)
   at Microsoft.EntityFrameworkCore.Storage.ExecutionStrategy.ExecuteImplementationAsync[TState,TResult](Func`4 operation, Func`4 verifySucceeded, TState state, CancellationToken cancellationToken)
   at Microsoft.EntityFrameworkCore.Storage.ExecutionStrategy.ExecuteAsync[TState,TResult](TState state, Func`4 operation, Func`4 verifySucceeded, CancellationToken cancellationToken)
   at Microsoft.EntityFrameworkCore.Migrations.Internal.Migrator.MigrateAsync(String targetMigration, CancellationToken cancellationToken)
   at Qaly.Infrastructure.Data.Seeds.DataSeeder.SeedAsync() in C:\Users\OS\Qaly_project\src\Qaly.Infrastructure\Data\Seeds\DataSeeder.cs:line 21
   at Program.<Main>$(String[] args) in C:\Users\OS\Qaly_project\src\Qaly.Web\Program.cs:line 190
ClientConnectionId:00000000-0000-0000-0000-000000000000
Error Number:258,State:0,Class:20
[13:19:34 INF] B?t d?u d?ng b? d? li?u v…o Vector Database...
[13:19:35 ERR] An error occurred using the connection to database 'QalyDb' on server 'LAPTOP-PR87JTFE\SQLEXPRESS,1434'.
[13:19:35 ERR] An exception occurred while iterating over the results of a query for context type 'Qaly.Infrastructure.Data.QalyDbContext'.
Microsoft.Data.SqlClient.SqlException (0x80131904): A network-related or instance-specific error occurred while establishing a connection to SQL Server. The server was not found or was not accessible. Verify that the instance name is correct and that SQL Server is configured to allow remote connections. (provider: TCP Provider, error: 0 - The wait operation timed out.)
 ---> System.ComponentModel.Win32Exception (258): The wait operation timed out.
   at Microsoft.Data.SqlClient.ConnectionPool.WaitHandleDbConnectionPool.TryGetConnection(DbConnection owningObject, UInt32 waitForMultipleObjectsTimeout, Boolean allowCreate, Boolean onlyOneCheckConnection, DbConnectionOptions userOptions, DbConnectionInternal& connection)
   at Microsoft.Data.SqlClient.ConnectionPool.WaitHandleDbConnectionPool.TryGetConnection(DbConnection owningObject, TaskCompletionSource`1 taskCompletionSource, DbConnectionOptions userOptions, DbConnectionInternal& connection)
   at Microsoft.Data.ProviderBase.DbConnectionFactory.TryGetConnection(DbConnection owningConnection, TaskCompletionSource`1 retry, DbConnectionOptions userOptions, DbConnectionInternal oldConnection, DbConnectionInternal& connection)
   at Microsoft.Data.ProviderBase.DbConnectionInternal.TryOpenConnectionInternal(DbConnection outerConnection, DbConnectionFactory connectionFactory, TaskCompletionSource`1 retry, DbConnectionOptions userOptions)
   at Microsoft.Data.ProviderBase.DbConnectionClosed.TryOpenConnection(DbConnection outerConnection, DbConnectionFactory connectionFactory, TaskCompletionSource`1 retry, DbConnectionOptions userOptions)
   at Microsoft.Data.SqlClient.SqlConnection.TryOpen(TaskCompletionSource`1 retry, SqlConnectionOverrides overrides)
   at Microsoft.Data.SqlClient.SqlConnection.InternalOpenAsync(SqlConnectionOverrides overrides, CancellationToken cancellationToken)
--- End of stack trace from previous location ---
   at Microsoft.EntityFrameworkCore.Storage.RelationalConnection.OpenInternalAsync(Boolean errorsExpected, CancellationToken cancellationToken)
   at Microsoft.EntityFrameworkCore.Storage.RelationalConnection.OpenInternalAsync(Boolean errorsExpected, CancellationToken cancellationToken)
   at Microsoft.EntityFrameworkCore.Storage.RelationalConnection.OpenAsync(CancellationToken cancellationToken, Boolean errorsExpected)
   at Microsoft.EntityFrameworkCore.Storage.RelationalCommand.ExecuteReaderAsync(RelationalCommandParameterObject parameterObject, CancellationToken cancellationToken)
   at Microsoft.EntityFrameworkCore.Query.Internal.SingleQueryingEnumerable`1.AsyncEnumerator.InitializeReaderAsync(AsyncEnumerator enumerator, CancellationToken cancellationToken)
   at Microsoft.EntityFrameworkCore.Storage.ExecutionStrategy.<>c__DisplayClass30_0`2.<<ExecuteAsync>b__0>d.MoveNext()
--- End of stack trace from previous location ---
   at Microsoft.EntityFrameworkCore.Storage.ExecutionStrategy.ExecuteImplementationAsync[TState,TResult](Func`4 operation, Func`4 verifySucceeded, TState state, CancellationToken cancellationToken)
   at Microsoft.EntityFrameworkCore.Storage.ExecutionStrategy.ExecuteImplementationAsync[TState,TResult](Func`4 operation, Func`4 verifySucceeded, TState state, CancellationToken cancellationToken)
   at Microsoft.EntityFrameworkCore.Storage.ExecutionStrategy.ExecuteAsync[TState,TResult](TState state, Func`4 operation, Func`4 verifySucceeded, CancellationToken cancellationToken)
   at Microsoft.EntityFrameworkCore.Query.Internal.SingleQueryingEnumerable`1.AsyncEnumerator.MoveNextAsync()
ClientConnectionId:00000000-0000-0000-0000-000000000000
Error Number:258,State:0,Class:20
Microsoft.Data.SqlClient.SqlException (0x80131904): A network-related or instance-specific error occurred while establishing a connection to SQL Server. The server was not found or was not accessible. Verify that the instance name is correct and that SQL Server is configured to allow remote connections. (provider: TCP Provider, error: 0 - The wait operation timed out.)
 ---> System.ComponentModel.Win32Exception (258): The wait operation timed out.
   at Microsoft.Data.SqlClient.ConnectionPool.WaitHandleDbConnectionPool.TryGetConnection(DbConnection owningObject, UInt32 waitForMultipleObjectsTimeout, Boolean allowCreate, Boolean onlyOneCheckConnection, DbConnectionOptions userOptions, DbConnectionInternal& connection)
   at Microsoft.Data.SqlClient.ConnectionPool.WaitHandleDbConnectionPool.TryGetConnection(DbConnection owningObject, TaskCompletionSource`1 taskCompletionSource, DbConnectionOptions userOptions, DbConnectionInternal& connection)
   at Microsoft.Data.ProviderBase.DbConnectionFactory.TryGetConnection(DbConnection owningConnection, TaskCompletionSource`1 retry, DbConnectionOptions userOptions, DbConnectionInternal oldConnection, DbConnectionInternal& connection)
   at Microsoft.Data.ProviderBase.DbConnectionInternal.TryOpenConnectionInternal(DbConnection outerConnection, DbConnectionFactory connectionFactory, TaskCompletionSource`1 retry, DbConnectionOptions userOptions)
   at Microsoft.Data.ProviderBase.DbConnectionClosed.TryOpenConnection(DbConnection outerConnection, DbConnectionFactory connectionFactory, TaskCompletionSource`1 retry, DbConnectionOptions userOptions)
   at Microsoft.Data.SqlClient.SqlConnection.TryOpen(TaskCompletionSource`1 retry, SqlConnectionOverrides overrides)
   at Microsoft.Data.SqlClient.SqlConnection.InternalOpenAsync(SqlConnectionOverrides overrides, CancellationToken cancellationToken)
--- End of stack trace from previous location ---
   at Microsoft.EntityFrameworkCore.Storage.RelationalConnection.OpenInternalAsync(Boolean errorsExpected, CancellationToken cancellationToken)
   at Microsoft.EntityFrameworkCore.Storage.RelationalConnection.OpenInternalAsync(Boolean errorsExpected, CancellationToken cancellationToken)
   at Microsoft.EntityFrameworkCore.Storage.RelationalConnection.OpenAsync(CancellationToken cancellationToken, Boolean errorsExpected)
   at Microsoft.EntityFrameworkCore.Storage.RelationalCommand.ExecuteReaderAsync(RelationalCommandParameterObject parameterObject, CancellationToken cancellationToken)
   at Microsoft.EntityFrameworkCore.Query.Internal.SingleQueryingEnumerable`1.AsyncEnumerator.InitializeReaderAsync(AsyncEnumerator enumerator, CancellationToken cancellationToken)
   at Microsoft.EntityFrameworkCore.Storage.ExecutionStrategy.<>c__DisplayClass30_0`2.<<ExecuteAsync>b__0>d.MoveNext()
--- End of stack trace from previous location ---
   at Microsoft.EntityFrameworkCore.Storage.ExecutionStrategy.ExecuteImplementationAsync[TState,TResult](Func`4 operation, Func`4 verifySucceeded, TState state, CancellationToken cancellationToken)
   at Microsoft.EntityFrameworkCore.Storage.ExecutionStrategy.ExecuteImplementationAsync[TState,TResult](Func`4 operation, Func`4 verifySucceeded, TState state, CancellationToken cancellationToken)
   at Microsoft.EntityFrameworkCore.Storage.ExecutionStrategy.ExecuteAsync[TState,TResult](TState state, Func`4 operation, Func`4 verifySucceeded, CancellationToken cancellationToken)
   at Microsoft.EntityFrameworkCore.Query.Internal.SingleQueryingEnumerable`1.AsyncEnumerator.MoveNextAsync()
ClientConnectionId:00000000-0000-0000-0000-000000000000
Error Number:258,State:0,Class:20
[13:19:35 WRN] Kh“ng th? d?ng b? d? li?u AI. Hay d?m b?o Ollama v… Qdrant dang ch?y.
Microsoft.Data.SqlClient.SqlException (0x80131904): A network-related or instance-specific error occurred while establishing a connection to SQL Server. The server was not found or was not accessible. Verify that the instance name is correct and that SQL Server is configured to allow remote connections. (provider: TCP Provider, error: 0 - The wait operation timed out.)
 ---> System.ComponentModel.Win32Exception (258): The wait operation timed out.
   at Microsoft.Data.SqlClient.ConnectionPool.WaitHandleDbConnectionPool.TryGetConnection(DbConnection owningObject, UInt32 waitForMultipleObjectsTimeout, Boolean allowCreate, Boolean onlyOneCheckConnection, DbConnectionOptions userOptions, DbConnectionInternal& connection)
   at Microsoft.Data.SqlClient.ConnectionPool.WaitHandleDbConnectionPool.TryGetConnection(DbConnection owningObject, TaskCompletionSource`1 taskCompletionSource, DbConnectionOptions userOptions, DbConnectionInternal& connection)
   at Microsoft.Data.ProviderBase.DbConnectionFactory.TryGetConnection(DbConnection owningConnection, TaskCompletionSource`1 retry, DbConnectionOptions userOptions, DbConnectionInternal oldConnection, DbConnectionInternal& connection)
   at Microsoft.Data.ProviderBase.DbConnectionInternal.TryOpenConnectionInternal(DbConnection outerConnection, DbConnectionFactory connectionFactory, TaskCompletionSource`1 retry, DbConnectionOptions userOptions)
   at Microsoft.Data.ProviderBase.DbConnectionClosed.TryOpenConnection(DbConnection outerConnection, DbConnectionFactory connectionFactory, TaskCompletionSource`1 retry, DbConnectionOptions userOptions)
   at Microsoft.Data.SqlClient.SqlConnection.TryOpen(TaskCompletionSource`1 retry, SqlConnectionOverrides overrides)
   at Microsoft.Data.SqlClient.SqlConnection.InternalOpenAsync(SqlConnectionOverrides overrides, CancellationToken cancellationToken)
--- End of stack trace from previous location ---
   at Microsoft.EntityFrameworkCore.Storage.RelationalConnection.OpenInternalAsync(Boolean errorsExpected, CancellationToken cancellationToken)
   at Microsoft.EntityFrameworkCore.Storage.RelationalConnection.OpenInternalAsync(Boolean errorsExpected, CancellationToken cancellationToken)
   at Microsoft.EntityFrameworkCore.Storage.RelationalConnection.OpenAsync(CancellationToken cancellationToken, Boolean errorsExpected)
   at Microsoft.EntityFrameworkCore.Storage.RelationalCommand.ExecuteReaderAsync(RelationalCommandParameterObject parameterObject, CancellationToken cancellationToken)
   at Microsoft.EntityFrameworkCore.Query.Internal.SingleQueryingEnumerable`1.AsyncEnumerator.InitializeReaderAsync(AsyncEnumerator enumerator, CancellationToken cancellationToken)
   at Microsoft.EntityFrameworkCore.Storage.ExecutionStrategy.<>c__DisplayClass30_0`2.<<ExecuteAsync>b__0>d.MoveNext()
--- End of stack trace from previous location ---
   at Microsoft.EntityFrameworkCore.Storage.ExecutionStrategy.ExecuteImplementationAsync[TState,TResult](Func`4 operation, Func`4 verifySucceeded, TState state, CancellationToken cancellationToken)
   at Microsoft.EntityFrameworkCore.Storage.ExecutionStrategy.ExecuteImplementationAsync[TState,TResult](Func`4 operation, Func`4 verifySucceeded, TState state, CancellationToken cancellationToken)
   at Microsoft.EntityFrameworkCore.Storage.ExecutionStrategy.ExecuteAsync[TState,TResult](TState state, Func`4 operation, Func`4 verifySucceeded, CancellationToken cancellationToken)
   at Microsoft.EntityFrameworkCore.Query.Internal.SingleQueryingEnumerable`1.AsyncEnumerator.MoveNextAsync()
   at Microsoft.EntityFrameworkCore.EntityFrameworkQueryableExtensions.ToListAsync[TSource](IQueryable`1 source, CancellationToken cancellationToken)
   at Microsoft.EntityFrameworkCore.EntityFrameworkQueryableExtensions.ToListAsync[TSource](IQueryable`1 source, CancellationToken cancellationToken)
   at Qaly.Infrastructure.Data.Repositories.GenericRepository`1.GetAllAsync(CancellationToken cancellationToken) in C:\Users\OS\Qaly_project\src\Qaly.Infrastructure\Data\Repositories\GenericRepository.cs:line 25
   at Qaly.Infrastructure.Services.AiIngestionService.SyncAllDataAsync() in C:\Users\OS\Qaly_project\src\Qaly.Infrastructure\Services\AiIngestionService.cs:line 167
   at Program.<Main>$(String[] args) in C:\Users\OS\Qaly_project\src\Qaly.Web\Program.cs:line 202
ClientConnectionId:00000000-0000-0000-0000-000000000000
Error Number:258,State:0,Class:20
[13:19:35 INF] Starting Qaly Web App...
[13:19:35 ERR] An exception occurred while trying to decrypt the element.
System.Security.Cryptography.CryptographicException: Error occurred during a cryptographic operation.
   at Microsoft.AspNetCore.DataProtection.Cng.DpapiSecretSerializerHelper.UnprotectWithDpapiCore(Byte* pbProtectedData, UInt32 cbProtectedData, Byte* pbOptionalEntropy, UInt32 cbOptionalEntropy)
   at Microsoft.AspNetCore.DataProtection.Cng.DpapiSecretSerializerHelper.UnprotectWithDpapi(Byte[] protectedSecret)
   at Microsoft.AspNetCore.DataProtection.XmlEncryption.DpapiXmlDecryptor.Decrypt(XElement encryptedElement)
[13:19:35 ERR] An exception occurred while processing the key element '<key id="0ee0c546-5296-4fdd-a9a7-e87032336e35" version="1" />'.
System.Security.Cryptography.CryptographicException: Error occurred during a cryptographic operation.
   at Microsoft.AspNetCore.DataProtection.Cng.DpapiSecretSerializerHelper.UnprotectWithDpapiCore(Byte* pbProtectedData, UInt32 cbProtectedData, Byte* pbOptionalEntropy, UInt32 cbOptionalEntropy)
   at Microsoft.AspNetCore.DataProtection.Cng.DpapiSecretSerializerHelper.UnprotectWithDpapi(Byte[] protectedSecret)
   at Microsoft.AspNetCore.DataProtection.XmlEncryption.DpapiXmlDecryptor.Decrypt(XElement encryptedElement)
   at Microsoft.AspNetCore.DataProtection.XmlEncryption.XmlEncryptionExtensions.DecryptElement(XElement element, IActivator activator)
   at Microsoft.AspNetCore.DataProtection.KeyManagement.XmlKeyManager.Microsoft.AspNetCore.DataProtection.KeyManagement.Internal.IInternalXmlKeyManager.DeserializeDescriptorFromKeyElement(XElement keyElement)
[13:19:35 ERR] An exception occurred while trying to decrypt the element.
System.Security.Cryptography.CryptographicException: Error occurred during a cryptographic operation.
   at Microsoft.AspNetCore.DataProtection.Cng.DpapiSecretSerializerHelper.UnprotectWithDpapiCore(Byte* pbProtectedData, UInt32 cbProtectedData, Byte* pbOptionalEntropy, UInt32 cbOptionalEntropy)
   at Microsoft.AspNetCore.DataProtection.Cng.DpapiSecretSerializerHelper.UnprotectWithDpapi(Byte[] protectedSecret)
   at Microsoft.AspNetCore.DataProtection.XmlEncryption.DpapiXmlDecryptor.Decrypt(XElement encryptedElement)
[13:19:35 ERR] An exception occurred while processing the key element '<key id="0ee0c546-5296-4fdd-a9a7-e87032336e35" version="1" />'.
System.Security.Cryptography.CryptographicException: Error occurred during a cryptographic operation.
   at Microsoft.AspNetCore.DataProtection.Cng.DpapiSecretSerializerHelper.UnprotectWithDpapiCore(Byte* pbProtectedData, UInt32 cbProtectedData, Byte* pbOptionalEntropy, UInt32 cbOptionalEntropy)
   at Microsoft.AspNetCore.DataProtection.Cng.DpapiSecretSerializerHelper.UnprotectWithDpapi(Byte[] protectedSecret)
   at Microsoft.AspNetCore.DataProtection.XmlEncryption.DpapiXmlDecryptor.Decrypt(XElement encryptedElement)
   at Microsoft.AspNetCore.DataProtection.XmlEncryption.XmlEncryptionExtensions.DecryptElement(XElement element, IActivator activator)
   at Microsoft.AspNetCore.DataProtection.KeyManagement.XmlKeyManager.Microsoft.AspNetCore.DataProtection.KeyManagement.Internal.IInternalXmlKeyManager.DeserializeDescriptorFromKeyElement(XElement keyElement)
[13:19:35 ERR] An exception occurred while trying to decrypt the element.
System.Security.Cryptography.CryptographicException: Error occurred during a cryptographic operation.
   at Microsoft.AspNetCore.DataProtection.Cng.DpapiSecretSerializerHelper.UnprotectWithDpapiCore(Byte* pbProtectedData, UInt32 cbProtectedData, Byte* pbOptionalEntropy, UInt32 cbOptionalEntropy)
   at Microsoft.AspNetCore.DataProtection.Cng.DpapiSecretSerializerHelper.UnprotectWithDpapi(Byte[] protectedSecret)
   at Microsoft.AspNetCore.DataProtection.XmlEncryption.DpapiXmlDecryptor.Decrypt(XElement encryptedElement)
[13:19:35 ERR] An exception occurred while processing the key element '<key id="0ee0c546-5296-4fdd-a9a7-e87032336e35" version="1" />'.
System.Security.Cryptography.CryptographicException: Error occurred during a cryptographic operation.
   at Microsoft.AspNetCore.DataProtection.Cng.DpapiSecretSerializerHelper.UnprotectWithDpapiCore(Byte* pbProtectedData, UInt32 cbProtectedData, Byte* pbOptionalEntropy, UInt32 cbOptionalEntropy)
   at Microsoft.AspNetCore.DataProtection.Cng.DpapiSecretSerializerHelper.UnprotectWithDpapi(Byte[] protectedSecret)
   at Microsoft.AspNetCore.DataProtection.XmlEncryption.DpapiXmlDecryptor.Decrypt(XElement encryptedElement)
   at Microsoft.AspNetCore.DataProtection.XmlEncryption.XmlEncryptionExtensions.DecryptElement(XElement element, IActivator activator)
   at Microsoft.AspNetCore.DataProtection.KeyManagement.XmlKeyManager.Microsoft.AspNetCore.DataProtection.KeyManagement.Internal.IInternalXmlKeyManager.DeserializeDescriptorFromKeyElement(XElement keyElement)
[13:19:35 ERR] An exception occurred while trying to decrypt the element.
System.Security.Cryptography.CryptographicException: Error occurred during a cryptographic operation.
   at Microsoft.AspNetCore.DataProtection.Cng.DpapiSecretSerializerHelper.UnprotectWithDpapiCore(Byte* pbProtectedData, UInt32 cbProtectedData, Byte* pbOptionalEntropy, UInt32 cbOptionalEntropy)
   at Microsoft.AspNetCore.DataProtection.Cng.DpapiSecretSerializerHelper.UnprotectWithDpapi(Byte[] protectedSecret)
   at Microsoft.AspNetCore.DataProtection.XmlEncryption.DpapiXmlDecryptor.Decrypt(XElement encryptedElement)
[13:19:35 ERR] An exception occurred while processing the key element '<key id="0ee0c546-5296-4fdd-a9a7-e87032336e35" version="1" />'.
System.Security.Cryptography.CryptographicException: Error occurred during a cryptographic operation.
   at Microsoft.AspNetCore.DataProtection.Cng.DpapiSecretSerializerHelper.UnprotectWithDpapiCore(Byte* pbProtectedData, UInt32 cbProtectedData, Byte* pbOptionalEntropy, UInt32 cbOptionalEntropy)
   at Microsoft.AspNetCore.DataProtection.Cng.DpapiSecretSerializerHelper.UnprotectWithDpapi(Byte[] protectedSecret)
   at Microsoft.AspNetCore.DataProtection.XmlEncryption.DpapiXmlDecryptor.Decrypt(XElement encryptedElement)
   at Microsoft.AspNetCore.DataProtection.XmlEncryption.XmlEncryptionExtensions.DecryptElement(XElement element, IActivator activator)
   at Microsoft.AspNetCore.DataProtection.KeyManagement.XmlKeyManager.Microsoft.AspNetCore.DataProtection.KeyManagement.Internal.IInternalXmlKeyManager.DeserializeDescriptorFromKeyElement(XElement keyElement)
[13:19:36 ERR] An exception occurred while trying to decrypt the element.
System.Security.Cryptography.CryptographicException: Error occurred during a cryptographic operation.
   at Microsoft.AspNetCore.DataProtection.Cng.DpapiSecretSerializerHelper.UnprotectWithDpapiCore(Byte* pbProtectedData, UInt32 cbProtectedData, Byte* pbOptionalEntropy, UInt32 cbOptionalEntropy)
   at Microsoft.AspNetCore.DataProtection.Cng.DpapiSecretSerializerHelper.UnprotectWithDpapi(Byte[] protectedSecret)
   at Microsoft.AspNetCore.DataProtection.XmlEncryption.DpapiXmlDecryptor.Decrypt(XElement encryptedElement)
[13:19:36 ERR] An exception occurred while processing the key element '<key id="0ee0c546-5296-4fdd-a9a7-e87032336e35" version="1" />'.
System.Security.Cryptography.CryptographicException: Error occurred during a cryptographic operation.
   at Microsoft.AspNetCore.DataProtection.Cng.DpapiSecretSerializerHelper.UnprotectWithDpapiCore(Byte* pbProtectedData, UInt32 cbProtectedData, Byte* pbOptionalEntropy, UInt32 cbOptionalEntropy)
   at Microsoft.AspNetCore.DataProtection.Cng.DpapiSecretSerializerHelper.UnprotectWithDpapi(Byte[] protectedSecret)
   at Microsoft.AspNetCore.DataProtection.XmlEncryption.DpapiXmlDecryptor.Decrypt(XElement encryptedElement)
   at Microsoft.AspNetCore.DataProtection.XmlEncryption.XmlEncryptionExtensions.DecryptElement(XElement element, IActivator activator)
   at Microsoft.AspNetCore.DataProtection.KeyManagement.XmlKeyManager.Microsoft.AspNetCore.DataProtection.KeyManagement.Internal.IInternalXmlKeyManager.DeserializeDescriptorFromKeyElement(XElement keyElement)
[13:19:36 ERR] An exception occurred while trying to decrypt the element.
System.Security.Cryptography.CryptographicException: Error occurred during a cryptographic operation.
   at Microsoft.AspNetCore.DataProtection.Cng.DpapiSecretSerializerHelper.UnprotectWithDpapiCore(Byte* pbProtectedData, UInt32 cbProtectedData, Byte* pbOptionalEntropy, UInt32 cbOptionalEntropy)
   at Microsoft.AspNetCore.DataProtection.Cng.DpapiSecretSerializerHelper.UnprotectWithDpapi(Byte[] protectedSecret)
   at Microsoft.AspNetCore.DataProtection.XmlEncryption.DpapiXmlDecryptor.Decrypt(XElement encryptedElement)
[13:19:36 ERR] An exception occurred while processing the key element '<key id="0ee0c546-5296-4fdd-a9a7-e87032336e35" version="1" />'.
System.Security.Cryptography.CryptographicException: Error occurred during a cryptographic operation.
   at Microsoft.AspNetCore.DataProtection.Cng.DpapiSecretSerializerHelper.UnprotectWithDpapiCore(Byte* pbProtectedData, UInt32 cbProtectedData, Byte* pbOptionalEntropy, UInt32 cbOptionalEntropy)
   at Microsoft.AspNetCore.DataProtection.Cng.DpapiSecretSerializerHelper.UnprotectWithDpapi(Byte[] protectedSecret)
   at Microsoft.AspNetCore.DataProtection.XmlEncryption.DpapiXmlDecryptor.Decrypt(XElement encryptedElement)
   at Microsoft.AspNetCore.DataProtection.XmlEncryption.XmlEncryptionExtensions.DecryptElement(XElement element, IActivator activator)
   at Microsoft.AspNetCore.DataProtection.KeyManagement.XmlKeyManager.Microsoft.AspNetCore.DataProtection.KeyManagement.Internal.IInternalXmlKeyManager.DeserializeDescriptorFromKeyElement(XElement keyElement)
[13:19:36 ERR] An exception occurred while trying to decrypt the element.
System.Security.Cryptography.CryptographicException: Error occurred during a cryptographic operation.
   at Microsoft.AspNetCore.DataProtection.Cng.DpapiSecretSerializerHelper.UnprotectWithDpapiCore(Byte* pbProtectedData, UInt32 cbProtectedData, Byte* pbOptionalEntropy, UInt32 cbOptionalEntropy)
   at Microsoft.AspNetCore.DataProtection.Cng.DpapiSecretSerializerHelper.UnprotectWithDpapi(Byte[] protectedSecret)
   at Microsoft.AspNetCore.DataProtection.XmlEncryption.DpapiXmlDecryptor.Decrypt(XElement encryptedElement)
[13:19:36 ERR] An exception occurred while processing the key element '<key id="0ee0c546-5296-4fdd-a9a7-e87032336e35" version="1" />'.
System.Security.Cryptography.CryptographicException: Error occurred during a cryptographic operation.
   at Microsoft.AspNetCore.DataProtection.Cng.DpapiSecretSerializerHelper.UnprotectWithDpapiCore(Byte* pbProtectedData, UInt32 cbProtectedData, Byte* pbOptionalEntropy, UInt32 cbOptionalEntropy)
   at Microsoft.AspNetCore.DataProtection.Cng.DpapiSecretSerializerHelper.UnprotectWithDpapi(Byte[] protectedSecret)
   at Microsoft.AspNetCore.DataProtection.XmlEncryption.DpapiXmlDecryptor.Decrypt(XElement encryptedElement)
   at Microsoft.AspNetCore.DataProtection.XmlEncryption.XmlEncryptionExtensions.DecryptElement(XElement element, IActivator activator)
   at Microsoft.AspNetCore.DataProtection.KeyManagement.XmlKeyManager.Microsoft.AspNetCore.DataProtection.KeyManagement.Internal.IInternalXmlKeyManager.DeserializeDescriptorFromKeyElement(XElement keyElement)
[13:19:36 ERR] An exception occurred while trying to decrypt the element.
System.Security.Cryptography.CryptographicException: Error occurred during a cryptographic operation.
   at Microsoft.AspNetCore.DataProtection.Cng.DpapiSecretSerializerHelper.UnprotectWithDpapiCore(Byte* pbProtectedData, UInt32 cbProtectedData, Byte* pbOptionalEntropy, UInt32 cbOptionalEntropy)
   at Microsoft.AspNetCore.DataProtection.Cng.DpapiSecretSerializerHelper.UnprotectWithDpapi(Byte[] protectedSecret)
   at Microsoft.AspNetCore.DataProtection.XmlEncryption.DpapiXmlDecryptor.Decrypt(XElement encryptedElement)
[13:19:36 ERR] An exception occurred while processing the key element '<key id="0ee0c546-5296-4fdd-a9a7-e87032336e35" version="1" />'.
System.Security.Cryptography.CryptographicException: Error occurred during a cryptographic operation.
   at Microsoft.AspNetCore.DataProtection.Cng.DpapiSecretSerializerHelper.UnprotectWithDpapiCore(Byte* pbProtectedData, UInt32 cbProtectedData, Byte* pbOptionalEntropy, UInt32 cbOptionalEntropy)
   at Microsoft.AspNetCore.DataProtection.Cng.DpapiSecretSerializerHelper.UnprotectWithDpapi(Byte[] protectedSecret)
   at Microsoft.AspNetCore.DataProtection.XmlEncryption.DpapiXmlDecryptor.Decrypt(XElement encryptedElement)
   at Microsoft.AspNetCore.DataProtection.XmlEncryption.XmlEncryptionExtensions.DecryptElement(XElement element, IActivator activator)
   at Microsoft.AspNetCore.DataProtection.KeyManagement.XmlKeyManager.Microsoft.AspNetCore.DataProtection.KeyManagement.Internal.IInternalXmlKeyManager.DeserializeDescriptorFromKeyElement(XElement keyElement)
[13:19:37 ERR] An exception occurred while trying to decrypt the element.
System.Security.Cryptography.CryptographicException: Error occurred during a cryptographic operation.
   at Microsoft.AspNetCore.DataProtection.Cng.DpapiSecretSerializerHelper.UnprotectWithDpapiCore(Byte* pbProtectedData, UInt32 cbProtectedData, Byte* pbOptionalEntropy, UInt32 cbOptionalEntropy)
   at Microsoft.AspNetCore.DataProtection.Cng.DpapiSecretSerializerHelper.UnprotectWithDpapi(Byte[] protectedSecret)
   at Microsoft.AspNetCore.DataProtection.XmlEncryption.DpapiXmlDecryptor.Decrypt(XElement encryptedElement)
[13:19:37 ERR] An exception occurred while processing the key element '<key id="0ee0c546-5296-4fdd-a9a7-e87032336e35" version="1" />'.
System.Security.Cryptography.CryptographicException: Error occurred during a cryptographic operation.
   at Microsoft.AspNetCore.DataProtection.Cng.DpapiSecretSerializerHelper.UnprotectWithDpapiCore(Byte* pbProtectedData, UInt32 cbProtectedData, Byte* pbOptionalEntropy, UInt32 cbOptionalEntropy)
   at Microsoft.AspNetCore.DataProtection.Cng.DpapiSecretSerializerHelper.UnprotectWithDpapi(Byte[] protectedSecret)
   at Microsoft.AspNetCore.DataProtection.XmlEncryption.DpapiXmlDecryptor.Decrypt(XElement encryptedElement)
   at Microsoft.AspNetCore.DataProtection.XmlEncryption.XmlEncryptionExtensions.DecryptElement(XElement element, IActivator activator)
   at Microsoft.AspNetCore.DataProtection.KeyManagement.XmlKeyManager.Microsoft.AspNetCore.DataProtection.KeyManagement.Internal.IInternalXmlKeyManager.DeserializeDescriptorFromKeyElement(XElement keyElement)
[13:19:37 ERR] An exception occurred while trying to decrypt the element.
System.Security.Cryptography.CryptographicException: Error occurred during a cryptographic operation.
   at Microsoft.AspNetCore.DataProtection.Cng.DpapiSecretSerializerHelper.UnprotectWithDpapiCore(Byte* pbProtectedData, UInt32 cbProtectedData, Byte* pbOptionalEntropy, UInt32 cbOptionalEntropy)
   at Microsoft.AspNetCore.DataProtection.Cng.DpapiSecretSerializerHelper.UnprotectWithDpapi(Byte[] protectedSecret)
   at Microsoft.AspNetCore.DataProtection.XmlEncryption.DpapiXmlDecryptor.Decrypt(XElement encryptedElement)
[13:19:37 ERR] An exception occurred while processing the key element '<key id="0ee0c546-5296-4fdd-a9a7-e87032336e35" version="1" />'.
System.Security.Cryptography.CryptographicException: Error occurred during a cryptographic operation.
   at Microsoft.AspNetCore.DataProtection.Cng.DpapiSecretSerializerHelper.UnprotectWithDpapiCore(Byte* pbProtectedData, UInt32 cbProtectedData, Byte* pbOptionalEntropy, UInt32 cbOptionalEntropy)
   at Microsoft.AspNetCore.DataProtection.Cng.DpapiSecretSerializerHelper.UnprotectWithDpapi(Byte[] protectedSecret)
   at Microsoft.AspNetCore.DataProtection.XmlEncryption.DpapiXmlDecryptor.Decrypt(XElement encryptedElement)
   at Microsoft.AspNetCore.DataProtection.XmlEncryption.XmlEncryptionExtensions.DecryptElement(XElement element, IActivator activator)
   at Microsoft.AspNetCore.DataProtection.KeyManagement.XmlKeyManager.Microsoft.AspNetCore.DataProtection.KeyManagement.Internal.IInternalXmlKeyManager.DeserializeDescriptorFromKeyElement(XElement keyElement)
[13:19:37 ERR] An exception occurred while trying to decrypt the element.
System.Security.Cryptography.CryptographicException: Error occurred during a cryptographic operation.
   at Microsoft.AspNetCore.DataProtection.Cng.DpapiSecretSerializerHelper.UnprotectWithDpapiCore(Byte* pbProtectedData, UInt32 cbProtectedData, Byte* pbOptionalEntropy, UInt32 cbOptionalEntropy)
   at Microsoft.AspNetCore.DataProtection.Cng.DpapiSecretSerializerHelper.UnprotectWithDpapi(Byte[] protectedSecret)
   at Microsoft.AspNetCore.DataProtection.XmlEncryption.DpapiXmlDecryptor.Decrypt(XElement encryptedElement)
[13:19:37 ERR] An exception occurred while processing the key element '<key id="0ee0c546-5296-4fdd-a9a7-e87032336e35" version="1" />'.
System.Security.Cryptography.CryptographicException: Error occurred during a cryptographic operation.
   at Microsoft.AspNetCore.DataProtection.Cng.DpapiSecretSerializerHelper.UnprotectWithDpapiCore(Byte* pbProtectedData, UInt32 cbProtectedData, Byte* pbOptionalEntropy, UInt32 cbOptionalEntropy)
   at Microsoft.AspNetCore.DataProtection.Cng.DpapiSecretSerializerHelper.UnprotectWithDpapi(Byte[] protectedSecret)
   at Microsoft.AspNetCore.DataProtection.XmlEncryption.DpapiXmlDecryptor.Decrypt(XElement encryptedElement)
   at Microsoft.AspNetCore.DataProtection.XmlEncryption.XmlEncryptionExtensions.DecryptElement(XElement element, IActivator activator)
   at Microsoft.AspNetCore.DataProtection.KeyManagement.XmlKeyManager.Microsoft.AspNetCore.DataProtection.KeyManagement.Internal.IInternalXmlKeyManager.DeserializeDescriptorFromKeyElement(XElement keyElement)
[13:19:37 WRN] Key {0ee0c546-5296-4fdd-a9a7-e87032336e35} is ineligible to be the default key because its CreateEncryptor method failed after the maximum number of retries.
System.AggregateException: One or more errors occurred. (Error occurred during a cryptographic operation.) (Error occurred during a cryptographic operation.) (Error occurred during a cryptographic operation.) (Error occurred during a cryptographic operation.) (Error occurred during a cryptographic operation.) (Error occurred during a cryptographic operation.) (Error occurred during a cryptographic operation.) (Error occurred during a cryptographic operation.) (Error occurred during a cryptographic operation.) (Error occurred during a cryptographic operation.) (Error occurred during a cryptographic operation.)
 ---> System.Security.Cryptography.CryptographicException: Error occurred during a cryptographic operation.
   at Microsoft.AspNetCore.DataProtection.Cng.DpapiSecretSerializerHelper.UnprotectWithDpapiCore(Byte* pbProtectedData, UInt32 cbProtectedData, Byte* pbOptionalEntropy, UInt32 cbOptionalEntropy)
   at Microsoft.AspNetCore.DataProtection.Cng.DpapiSecretSerializerHelper.UnprotectWithDpapi(Byte[] protectedSecret)
   at Microsoft.AspNetCore.DataProtection.XmlEncryption.DpapiXmlDecryptor.Decrypt(XElement encryptedElement)
   at Microsoft.AspNetCore.DataProtection.XmlEncryption.XmlEncryptionExtensions.DecryptElement(XElement element, IActivator activator)
   at Microsoft.AspNetCore.DataProtection.KeyManagement.XmlKeyManager.Microsoft.AspNetCore.DataProtection.KeyManagement.Internal.IInternalXmlKeyManager.DeserializeDescriptorFromKeyElement(XElement keyElement)
   at Microsoft.AspNetCore.DataProtection.KeyManagement.Key.get_Descriptor()
   at Microsoft.AspNetCore.DataProtection.AuthenticatedEncryption.CngGcmAuthenticatedEncryptorFactory.CreateEncryptorInstance(IKey key)
   at Microsoft.AspNetCore.DataProtection.KeyManagement.Key.CreateEncryptor()
   at Microsoft.AspNetCore.DataProtection.KeyManagement.DefaultKeyResolver.CanCreateAuthenticatedEncryptor(IKey key, Int32& retriesRemaining)
   --- End of inner exception stack trace ---
 ---> (Inner Exception #1) System.Security.Cryptography.CryptographicException: Error occurred during a cryptographic operation.
   at Microsoft.AspNetCore.DataProtection.Cng.DpapiSecretSerializerHelper.UnprotectWithDpapiCore(Byte* pbProtectedData, UInt32 cbProtectedData, Byte* pbOptionalEntropy, UInt32 cbOptionalEntropy)
   at Microsoft.AspNetCore.DataProtection.Cng.DpapiSecretSerializerHelper.UnprotectWithDpapi(Byte[] protectedSecret)
   at Microsoft.AspNetCore.DataProtection.XmlEncryption.DpapiXmlDecryptor.Decrypt(XElement encryptedElement)
   at Microsoft.AspNetCore.DataProtection.XmlEncryption.XmlEncryptionExtensions.DecryptElement(XElement element, IActivator activator)
   at Microsoft.AspNetCore.DataProtection.KeyManagement.XmlKeyManager.Microsoft.AspNetCore.DataProtection.KeyManagement.Internal.IInternalXmlKeyManager.DeserializeDescriptorFromKeyElement(XElement keyElement)
   at Microsoft.AspNetCore.DataProtection.KeyManagement.Key.get_Descriptor()
   at Microsoft.AspNetCore.DataProtection.AuthenticatedEncryption.CngGcmAuthenticatedEncryptorFactory.CreateEncryptorInstance(IKey key)
   at Microsoft.AspNetCore.DataProtection.KeyManagement.Key.CreateEncryptor()
   at Microsoft.AspNetCore.DataProtection.KeyManagement.DefaultKeyResolver.CanCreateAuthenticatedEncryptor(IKey key, Int32& retriesRemaining)<---

 ---> (Inner Exception #2) System.Security.Cryptography.CryptographicException: Error occurred during a cryptographic operation.
   at Microsoft.AspNetCore.DataProtection.Cng.DpapiSecretSerializerHelper.UnprotectWithDpapiCore(Byte* pbProtectedData, UInt32 cbProtectedData, Byte* pbOptionalEntropy, UInt32 cbOptionalEntropy)
   at Microsoft.AspNetCore.DataProtection.Cng.DpapiSecretSerializerHelper.UnprotectWithDpapi(Byte[] protectedSecret)
   at Microsoft.AspNetCore.DataProtection.XmlEncryption.DpapiXmlDecryptor.Decrypt(XElement encryptedElement)
   at Microsoft.AspNetCore.DataProtection.XmlEncryption.XmlEncryptionExtensions.DecryptElement(XElement element, IActivator activator)
   at Microsoft.AspNetCore.DataProtection.KeyManagement.XmlKeyManager.Microsoft.AspNetCore.DataProtection.KeyManagement.Internal.IInternalXmlKeyManager.DeserializeDescriptorFromKeyElement(XElement keyElement)
   at Microsoft.AspNetCore.DataProtection.KeyManagement.Key.get_Descriptor()
   at Microsoft.AspNetCore.DataProtection.AuthenticatedEncryption.CngGcmAuthenticatedEncryptorFactory.CreateEncryptorInstance(IKey key)
   at Microsoft.AspNetCore.DataProtection.KeyManagement.Key.CreateEncryptor()
   at Microsoft.AspNetCore.DataProtection.KeyManagement.DefaultKeyResolver.CanCreateAuthenticatedEncryptor(IKey key, Int32& retriesRemaining)<---

 ---> (Inner Exception #3) System.Security.Cryptography.CryptographicException: Error occurred during a cryptographic operation.
   at Microsoft.AspNetCore.DataProtection.Cng.DpapiSecretSerializerHelper.UnprotectWithDpapiCore(Byte* pbProtectedData, UInt32 cbProtectedData, Byte* pbOptionalEntropy, UInt32 cbOptionalEntropy)
   at Microsoft.AspNetCore.DataProtection.Cng.DpapiSecretSerializerHelper.UnprotectWithDpapi(Byte[] protectedSecret)
   at Microsoft.AspNetCore.DataProtection.XmlEncryption.DpapiXmlDecryptor.Decrypt(XElement encryptedElement)
   at Microsoft.AspNetCore.DataProtection.XmlEncryption.XmlEncryptionExtensions.DecryptElement(XElement element, IActivator activator)
   at Microsoft.AspNetCore.DataProtection.KeyManagement.XmlKeyManager.Microsoft.AspNetCore.DataProtection.KeyManagement.Internal.IInternalXmlKeyManager.DeserializeDescriptorFromKeyElement(XElement keyElement)
   at Microsoft.AspNetCore.DataProtection.KeyManagement.Key.get_Descriptor()
   at Microsoft.AspNetCore.DataProtection.AuthenticatedEncryption.CngGcmAuthenticatedEncryptorFactory.CreateEncryptorInstance(IKey key)
   at Microsoft.AspNetCore.DataProtection.KeyManagement.Key.CreateEncryptor()
   at Microsoft.AspNetCore.DataProtection.KeyManagement.DefaultKeyResolver.CanCreateAuthenticatedEncryptor(IKey key, Int32& retriesRemaining)<---

 ---> (Inner Exception #4) System.Security.Cryptography.CryptographicException: Error occurred during a cryptographic operation.
   at Microsoft.AspNetCore.DataProtection.Cng.DpapiSecretSerializerHelper.UnprotectWithDpapiCore(Byte* pbProtectedData, UInt32 cbProtectedData, Byte* pbOptionalEntropy, UInt32 cbOptionalEntropy)
   at Microsoft.AspNetCore.DataProtection.Cng.DpapiSecretSerializerHelper.UnprotectWithDpapi(Byte[] protectedSecret)
   at Microsoft.AspNetCore.DataProtection.XmlEncryption.DpapiXmlDecryptor.Decrypt(XElement encryptedElement)
   at Microsoft.AspNetCore.DataProtection.XmlEncryption.XmlEncryptionExtensions.DecryptElement(XElement element, IActivator activator)
   at Microsoft.AspNetCore.DataProtection.KeyManagement.XmlKeyManager.Microsoft.AspNetCore.DataProtection.KeyManagement.Internal.IInternalXmlKeyManager.DeserializeDescriptorFromKeyElement(XElement keyElement)
   at Microsoft.AspNetCore.DataProtection.KeyManagement.Key.get_Descriptor()
   at Microsoft.AspNetCore.DataProtection.AuthenticatedEncryption.CngGcmAuthenticatedEncryptorFactory.CreateEncryptorInstance(IKey key)
   at Microsoft.AspNetCore.DataProtection.KeyManagement.Key.CreateEncryptor()
   at Microsoft.AspNetCore.DataProtection.KeyManagement.DefaultKeyResolver.CanCreateAuthenticatedEncryptor(IKey key, Int32& retriesRemaining)<---

 ---> (Inner Exception #5) System.Security.Cryptography.CryptographicException: Error occurred during a cryptographic operation.
   at Microsoft.AspNetCore.DataProtection.Cng.DpapiSecretSerializerHelper.UnprotectWithDpapiCore(Byte* pbProtectedData, UInt32 cbProtectedData, Byte* pbOptionalEntropy, UInt32 cbOptionalEntropy)
   at Microsoft.AspNetCore.DataProtection.Cng.DpapiSecretSerializerHelper.UnprotectWithDpapi(Byte[] protectedSecret)
   at Microsoft.AspNetCore.DataProtection.XmlEncryption.DpapiXmlDecryptor.Decrypt(XElement encryptedElement)
   at Microsoft.AspNetCore.DataProtection.XmlEncryption.XmlEncryptionExtensions.DecryptElement(XElement element, IActivator activator)
   at Microsoft.AspNetCore.DataProtection.KeyManagement.XmlKeyManager.Microsoft.AspNetCore.DataProtection.KeyManagement.Internal.IInternalXmlKeyManager.DeserializeDescriptorFromKeyElement(XElement keyElement)
   at Microsoft.AspNetCore.DataProtection.KeyManagement.Key.get_Descriptor()
   at Microsoft.AspNetCore.DataProtection.AuthenticatedEncryption.CngGcmAuthenticatedEncryptorFactory.CreateEncryptorInstance(IKey key)
   at Microsoft.AspNetCore.DataProtection.KeyManagement.Key.CreateEncryptor()
   at Microsoft.AspNetCore.DataProtection.KeyManagement.DefaultKeyResolver.CanCreateAuthenticatedEncryptor(IKey key, Int32& retriesRemaining)<---

 ---> (Inner Exception #6) System.Security.Cryptography.CryptographicException: Error occurred during a cryptographic operation.
   at Microsoft.AspNetCore.DataProtection.Cng.DpapiSecretSerializerHelper.UnprotectWithDpapiCore(Byte* pbProtectedData, UInt32 cbProtectedData, Byte* pbOptionalEntropy, UInt32 cbOptionalEntropy)
   at Microsoft.AspNetCore.DataProtection.Cng.DpapiSecretSerializerHelper.UnprotectWithDpapi(Byte[] protectedSecret)
   at Microsoft.AspNetCore.DataProtection.XmlEncryption.DpapiXmlDecryptor.Decrypt(XElement encryptedElement)
   at Microsoft.AspNetCore.DataProtection.XmlEncryption.XmlEncryptionExtensions.DecryptElement(XElement element, IActivator activator)
   at Microsoft.AspNetCore.DataProtection.KeyManagement.XmlKeyManager.Microsoft.AspNetCore.DataProtection.KeyManagement.Internal.IInternalXmlKeyManager.DeserializeDescriptorFromKeyElement(XElement keyElement)
   at Microsoft.AspNetCore.DataProtection.KeyManagement.Key.get_Descriptor()
   at Microsoft.AspNetCore.DataProtection.AuthenticatedEncryption.CngGcmAuthenticatedEncryptorFactory.CreateEncryptorInstance(IKey key)
   at Microsoft.AspNetCore.DataProtection.KeyManagement.Key.CreateEncryptor()
   at Microsoft.AspNetCore.DataProtection.KeyManagement.DefaultKeyResolver.CanCreateAuthenticatedEncryptor(IKey key, Int32& retriesRemaining)<---

 ---> (Inner Exception #7) System.Security.Cryptography.CryptographicException: Error occurred during a cryptographic operation.
   at Microsoft.AspNetCore.DataProtection.Cng.DpapiSecretSerializerHelper.UnprotectWithDpapiCore(Byte* pbProtectedData, UInt32 cbProtectedData, Byte* pbOptionalEntropy, UInt32 cbOptionalEntropy)
   at Microsoft.AspNetCore.DataProtection.Cng.DpapiSecretSerializerHelper.UnprotectWithDpapi(Byte[] protectedSecret)
   at Microsoft.AspNetCore.DataProtection.XmlEncryption.DpapiXmlDecryptor.Decrypt(XElement encryptedElement)
   at Microsoft.AspNetCore.DataProtection.XmlEncryption.XmlEncryptionExtensions.DecryptElement(XElement element, IActivator activator)
   at Microsoft.AspNetCore.DataProtection.KeyManagement.XmlKeyManager.Microsoft.AspNetCore.DataProtection.KeyManagement.Internal.IInternalXmlKeyManager.DeserializeDescriptorFromKeyElement(XElement keyElement)
   at Microsoft.AspNetCore.DataProtection.KeyManagement.Key.get_Descriptor()
   at Microsoft.AspNetCore.DataProtection.AuthenticatedEncryption.CngGcmAuthenticatedEncryptorFactory.CreateEncryptorInstance(IKey key)
   at Microsoft.AspNetCore.DataProtection.KeyManagement.Key.CreateEncryptor()
   at Microsoft.AspNetCore.DataProtection.KeyManagement.DefaultKeyResolver.CanCreateAuthenticatedEncryptor(IKey key, Int32& retriesRemaining)<---

 ---> (Inner Exception #8) System.Security.Cryptography.CryptographicException: Error occurred during a cryptographic operation.
   at Microsoft.AspNetCore.DataProtection.Cng.DpapiSecretSerializerHelper.UnprotectWithDpapiCore(Byte* pbProtectedData, UInt32 cbProtectedData, Byte* pbOptionalEntropy, UInt32 cbOptionalEntropy)
   at Microsoft.AspNetCore.DataProtection.Cng.DpapiSecretSerializerHelper.UnprotectWithDpapi(Byte[] protectedSecret)
   at Microsoft.AspNetCore.DataProtection.XmlEncryption.DpapiXmlDecryptor.Decrypt(XElement encryptedElement)
   at Microsoft.AspNetCore.DataProtection.XmlEncryption.XmlEncryptionExtensions.DecryptElement(XElement element, IActivator activator)
   at Microsoft.AspNetCore.DataProtection.KeyManagement.XmlKeyManager.Microsoft.AspNetCore.DataProtection.KeyManagement.Internal.IInternalXmlKeyManager.DeserializeDescriptorFromKeyElement(XElement keyElement)
   at Microsoft.AspNetCore.DataProtection.KeyManagement.Key.get_Descriptor()
   at Microsoft.AspNetCore.DataProtection.AuthenticatedEncryption.CngGcmAuthenticatedEncryptorFactory.CreateEncryptorInstance(IKey key)
   at Microsoft.AspNetCore.DataProtection.KeyManagement.Key.CreateEncryptor()
   at Microsoft.AspNetCore.DataProtection.KeyManagement.DefaultKeyResolver.CanCreateAuthenticatedEncryptor(IKey key, Int32& retriesRemaining)<---

 ---> (Inner Exception #9) System.Security.Cryptography.CryptographicException: Error occurred during a cryptographic operation.
   at Microsoft.AspNetCore.DataProtection.Cng.DpapiSecretSerializerHelper.UnprotectWithDpapiCore(Byte* pbProtectedData, UInt32 cbProtectedData, Byte* pbOptionalEntropy, UInt32 cbOptionalEntropy)
   at Microsoft.AspNetCore.DataProtection.Cng.DpapiSecretSerializerHelper.UnprotectWithDpapi(Byte[] protectedSecret)
   at Microsoft.AspNetCore.DataProtection.XmlEncryption.DpapiXmlDecryptor.Decrypt(XElement encryptedElement)
   at Microsoft.AspNetCore.DataProtection.XmlEncryption.XmlEncryptionExtensions.DecryptElement(XElement element, IActivator activator)
   at Microsoft.AspNetCore.DataProtection.KeyManagement.XmlKeyManager.Microsoft.AspNetCore.DataProtection.KeyManagement.Internal.IInternalXmlKeyManager.DeserializeDescriptorFromKeyElement(XElement keyElement)
   at Microsoft.AspNetCore.DataProtection.KeyManagement.Key.get_Descriptor()
   at Microsoft.AspNetCore.DataProtection.AuthenticatedEncryption.CngGcmAuthenticatedEncryptorFactory.CreateEncryptorInstance(IKey key)
   at Microsoft.AspNetCore.DataProtection.KeyManagement.Key.CreateEncryptor()
   at Microsoft.AspNetCore.DataProtection.KeyManagement.DefaultKeyResolver.CanCreateAuthenticatedEncryptor(IKey key, Int32& retriesRemaining)<---

 ---> (Inner Exception #10) System.Security.Cryptography.CryptographicException: Error occurred during a cryptographic operation.
   at Microsoft.AspNetCore.DataProtection.Cng.DpapiSecretSerializerHelper.UnprotectWithDpapiCore(Byte* pbProtectedData, UInt32 cbProtectedData, Byte* pbOptionalEntropy, UInt32 cbOptionalEntropy)
   at Microsoft.AspNetCore.DataProtection.Cng.DpapiSecretSerializerHelper.UnprotectWithDpapi(Byte[] protectedSecret)
   at Microsoft.AspNetCore.DataProtection.XmlEncryption.DpapiXmlDecryptor.Decrypt(XElement encryptedElement)
   at Microsoft.AspNetCore.DataProtection.XmlEncryption.XmlEncryptionExtensions.DecryptElement(XElement element, IActivator activator)
   at Microsoft.AspNetCore.DataProtection.KeyManagement.XmlKeyManager.Microsoft.AspNetCore.DataProtection.KeyManagement.Internal.IInternalXmlKeyManager.DeserializeDescriptorFromKeyElement(XElement keyElement)
   at Microsoft.AspNetCore.DataProtection.KeyManagement.Key.get_Descriptor()
   at Microsoft.AspNetCore.DataProtection.AuthenticatedEncryption.CngGcmAuthenticatedEncryptorFactory.CreateEncryptorInstance(IKey key)
   at Microsoft.AspNetCore.DataProtection.KeyManagement.Key.CreateEncryptor()
   at Microsoft.AspNetCore.DataProtection.KeyManagement.DefaultKeyResolver.CanCreateAuthenticatedEncryptor(IKey key, Int32& retriesRemaining)<---
[13:19:37 ERR] An exception occurred while trying to decrypt the element.
System.Security.Cryptography.CryptographicException: Error occurred during a cryptographic operation.
   at Microsoft.AspNetCore.DataProtection.Cng.DpapiSecretSerializerHelper.UnprotectWithDpapiCore(Byte* pbProtectedData, UInt32 cbProtectedData, Byte* pbOptionalEntropy, UInt32 cbOptionalEntropy)
   at Microsoft.AspNetCore.DataProtection.Cng.DpapiSecretSerializerHelper.UnprotectWithDpapi(Byte[] protectedSecret)
   at Microsoft.AspNetCore.DataProtection.XmlEncryption.DpapiXmlDecryptor.Decrypt(XElement encryptedElement)
[13:19:37 ERR] An exception occurred while processing the key element '<key id="26002aa5-29e4-46b6-9227-4cd72cab4886" version="1" />'.
System.Security.Cryptography.CryptographicException: Error occurred during a cryptographic operation.
   at Microsoft.AspNetCore.DataProtection.Cng.DpapiSecretSerializerHelper.UnprotectWithDpapiCore(Byte* pbProtectedData, UInt32 cbProtectedData, Byte* pbOptionalEntropy, UInt32 cbOptionalEntropy)
   at Microsoft.AspNetCore.DataProtection.Cng.DpapiSecretSerializerHelper.UnprotectWithDpapi(Byte[] protectedSecret)
   at Microsoft.AspNetCore.DataProtection.XmlEncryption.DpapiXmlDecryptor.Decrypt(XElement encryptedElement)
   at Microsoft.AspNetCore.DataProtection.XmlEncryption.XmlEncryptionExtensions.DecryptElement(XElement element, IActivator activator)
   at Microsoft.AspNetCore.DataProtection.KeyManagement.XmlKeyManager.Microsoft.AspNetCore.DataProtection.KeyManagement.Internal.IInternalXmlKeyManager.DeserializeDescriptorFromKeyElement(XElement keyElement)
[13:19:37 WRN] Key {26002aa5-29e4-46b6-9227-4cd72cab4886} is ineligible to be the default key because its CreateEncryptor method failed after the maximum number of retries.
System.Security.Cryptography.CryptographicException: Error occurred during a cryptographic operation.
   at Microsoft.AspNetCore.DataProtection.Cng.DpapiSecretSerializerHelper.UnprotectWithDpapiCore(Byte* pbProtectedData, UInt32 cbProtectedData, Byte* pbOptionalEntropy, UInt32 cbOptionalEntropy)
   at Microsoft.AspNetCore.DataProtection.Cng.DpapiSecretSerializerHelper.UnprotectWithDpapi(Byte[] protectedSecret)
   at Microsoft.AspNetCore.DataProtection.XmlEncryption.DpapiXmlDecryptor.Decrypt(XElement encryptedElement)
   at Microsoft.AspNetCore.DataProtection.XmlEncryption.XmlEncryptionExtensions.DecryptElement(XElement element, IActivator activator)
   at Microsoft.AspNetCore.DataProtection.KeyManagement.XmlKeyManager.Microsoft.AspNetCore.DataProtection.KeyManagement.Internal.IInternalXmlKeyManager.DeserializeDescriptorFromKeyElement(XElement keyElement)
   at Microsoft.AspNetCore.DataProtection.KeyManagement.Key.get_Descriptor()
   at Microsoft.AspNetCore.DataProtection.AuthenticatedEncryption.CngGcmAuthenticatedEncryptorFactory.CreateEncryptorInstance(IKey key)
   at Microsoft.AspNetCore.DataProtection.KeyManagement.Key.CreateEncryptor()
   at Microsoft.AspNetCore.DataProtection.KeyManagement.DefaultKeyResolver.CanCreateAuthenticatedEncryptor(IKey key, Int32& retriesRemaining)
[13:19:37 ERR] An error occurred while reading the key ring.
System.UnauthorizedAccessException: Access to the path 'C:\Users\OS\AppData\Local\ASP.NET\DataProtection-Keys\256d946d-a44a-4e4d-8653-defbe3fcb6bb.tmp' is denied.
   at Microsoft.Win32.SafeHandles.SafeFileHandle.CreateFile(String fullPath, FileMode mode, FileAccess access, FileShare share, FileOptions options)
   at Microsoft.Win32.SafeHandles.SafeFileHandle.Open(String fullPath, FileMode mode, FileAccess access, FileShare share, FileOptions options, Int64 preallocationSize, Nullable`1 unixCreateMode)
   at System.IO.Strategies.OSFileStreamStrategy..ctor(String path, FileMode mode, FileAccess access, FileShare share, FileOptions options, Int64 preallocationSize, Nullable`1 unixCreateMode)
   at System.IO.Strategies.FileStreamHelpers.ChooseStrategyCore(String path, FileMode mode, FileAccess access, FileShare share, FileOptions options, Int64 preallocationSize, Nullable`1 unixCreateMode)
   at System.IO.File.OpenWrite(String path)
   at Microsoft.AspNetCore.DataProtection.Repositories.FileSystemXmlRepository.StoreElementCore(XElement element, String filename)
   at Microsoft.AspNetCore.DataProtection.Repositories.FileSystemXmlRepository.StoreElement(XElement element, String friendlyName)
   at Microsoft.AspNetCore.DataProtection.KeyManagement.XmlKeyManager.Microsoft.AspNetCore.DataProtection.KeyManagement.Internal.IInternalXmlKeyManager.CreateNewKey(Guid keyId, DateTimeOffset creationDate, DateTimeOffset activationDate, DateTimeOffset expirationDate)
   at Microsoft.AspNetCore.DataProtection.KeyManagement.XmlKeyManager.CreateNewKey(DateTimeOffset activationDate, DateTimeOffset expirationDate)
   at Microsoft.AspNetCore.DataProtection.KeyManagement.KeyRingProvider.CreateCacheableKeyRingCore(DateTimeOffset now, IKey keyJustAdded)
   at Microsoft.AspNetCore.DataProtection.KeyManagement.KeyRingProvider.<GetCurrentKeyRingCoreNew>b__31_1(Object utcNowState)
   at System.Threading.Tasks.Task`1.InnerInvoke()
   at System.Threading.ExecutionContext.RunFromThreadPoolDispatchLoop(Thread threadPoolThread, ExecutionContext executionContext, ContextCallback callback, Object state)
--- End of stack trace from previous location ---
   at System.Threading.ExecutionContext.RunFromThreadPoolDispatchLoop(Thread threadPoolThread, ExecutionContext executionContext, ContextCallback callback, Object state)
   at System.Threading.Tasks.Task.ExecuteWithThreadLocal(Task& currentTaskSlot, Thread threadPoolThread)
--- End of stack trace from previous location ---
   at Microsoft.AspNetCore.DataProtection.KeyManagement.KeyRingProvider.GetKeyRingFromCompletedTaskUnsynchronized(Task`1 task, DateTime utcNow)
[13:19:37 INF] Email Digest Worker is starting.
[13:19:37 INF] Vector Sync Worker is starting.
[13:19:37 INF] Next email digest run scheduled for 05/18/2026 07:00:00 (in 17:40:22.4685802)
[13:19:37 WRN] The WebRootPath was not found: C:\Users\OS\Qaly_project\src\Qaly.Web\bin\Debug\net10.0\wwwroot. Static files may be unavailable.
[13:19:37 INF] Now listening on: http://localhost:5000
[13:19:37 INF] Application started. Press Ctrl+C to shut down.
[13:19:37 INF] Hosting environment: Production
[13:19:37 INF] Content root path: C:\Users\OS\Qaly_project\src\Qaly.Web\bin\Debug\net10.0
[13:19:37 ERR] An error occurred using the connection to database 'QalyDb' on server 'LAPTOP-PR87JTFE\SQLEXPRESS,1434'.
[13:19:37 ERR] An exception occurred while iterating over the results of a query for context type 'Qaly.Infrastructure.Data.QalyDbContext'.
Microsoft.Data.SqlClient.SqlException (0x80131904): A network-related or instance-specific error occurred while establishing a connection to SQL Server. The server was not found or was not accessible. Verify that the instance name is correct and that SQL Server is configured to allow remote connections. (provider: TCP Provider, error: 0 - The wait operation timed out.)
 ---> System.ComponentModel.Win32Exception (258): The wait operation timed out.
   at Microsoft.Data.SqlClient.ConnectionPool.WaitHandleDbConnectionPool.TryGetConnection(DbConnection owningObject, UInt32 waitForMultipleObjectsTimeout, Boolean allowCreate, Boolean onlyOneCheckConnection, DbConnectionOptions userOptions, DbConnectionInternal& connection)
   at Microsoft.Data.SqlClient.ConnectionPool.WaitHandleDbConnectionPool.TryGetConnection(DbConnection owningObject, TaskCompletionSource`1 taskCompletionSource, DbConnectionOptions userOptions, DbConnectionInternal& connection)
   at Microsoft.Data.ProviderBase.DbConnectionFactory.TryGetConnection(DbConnection owningConnection, TaskCompletionSource`1 retry, DbConnectionOptions userOptions, DbConnectionInternal oldConnection, DbConnectionInternal& connection)
   at Microsoft.Data.ProviderBase.DbConnectionInternal.TryOpenConnectionInternal(DbConnection outerConnection, DbConnectionFactory connectionFactory, TaskCompletionSource`1 retry, DbConnectionOptions userOptions)
   at Microsoft.Data.ProviderBase.DbConnectionClosed.TryOpenConnection(DbConnection outerConnection, DbConnectionFactory connectionFactory, TaskCompletionSource`1 retry, DbConnectionOptions userOptions)
   at Microsoft.Data.SqlClient.SqlConnection.TryOpen(TaskCompletionSource`1 retry, SqlConnectionOverrides overrides)
   at Microsoft.Data.SqlClient.SqlConnection.InternalOpenAsync(SqlConnectionOverrides overrides, CancellationToken cancellationToken)
--- End of stack trace from previous location ---
   at Microsoft.EntityFrameworkCore.Storage.RelationalConnection.OpenInternalAsync(Boolean errorsExpected, CancellationToken cancellationToken)
   at Microsoft.EntityFrameworkCore.Storage.RelationalConnection.OpenInternalAsync(Boolean errorsExpected, CancellationToken cancellationToken)
   at Microsoft.EntityFrameworkCore.Storage.RelationalConnection.OpenAsync(CancellationToken cancellationToken, Boolean errorsExpected)
   at Microsoft.EntityFrameworkCore.Storage.RelationalCommand.ExecuteReaderAsync(RelationalCommandParameterObject parameterObject, CancellationToken cancellationToken)
   at Microsoft.EntityFrameworkCore.Query.Internal.SingleQueryingEnumerable`1.AsyncEnumerator.InitializeReaderAsync(AsyncEnumerator enumerator, CancellationToken cancellationToken)
   at Microsoft.EntityFrameworkCore.Storage.ExecutionStrategy.<>c__DisplayClass30_0`2.<<ExecuteAsync>b__0>d.MoveNext()
--- End of stack trace from previous location ---
   at Microsoft.EntityFrameworkCore.Storage.ExecutionStrategy.ExecuteImplementationAsync[TState,TResult](Func`4 operation, Func`4 verifySucceeded, TState state, CancellationToken cancellationToken)
   at Microsoft.EntityFrameworkCore.Storage.ExecutionStrategy.ExecuteImplementationAsync[TState,TResult](Func`4 operation, Func`4 verifySucceeded, TState state, CancellationToken cancellationToken)
   at Microsoft.EntityFrameworkCore.Storage.ExecutionStrategy.ExecuteAsync[TState,TResult](TState state, Func`4 operation, Func`4 verifySucceeded, CancellationToken cancellationToken)
   at Microsoft.EntityFrameworkCore.Query.Internal.SingleQueryingEnumerable`1.AsyncEnumerator.MoveNextAsync()
ClientConnectionId:00000000-0000-0000-0000-000000000000
Error Number:258,State:0,Class:20
Microsoft.Data.SqlClient.SqlException (0x80131904): A network-related or instance-specific error occurred while establishing a connection to SQL Server. The server was not found or was not accessible. Verify that the instance name is correct and that SQL Server is configured to allow remote connections. (provider: TCP Provider, error: 0 - The wait operation timed out.)
 ---> System.ComponentModel.Win32Exception (258): The wait operation timed out.
   at Microsoft.Data.SqlClient.ConnectionPool.WaitHandleDbConnectionPool.TryGetConnection(DbConnection owningObject, UInt32 waitForMultipleObjectsTimeout, Boolean allowCreate, Boolean onlyOneCheckConnection, DbConnectionOptions userOptions, DbConnectionInternal& connection)
   at Microsoft.Data.SqlClient.ConnectionPool.WaitHandleDbConnectionPool.TryGetConnection(DbConnection owningObject, TaskCompletionSource`1 taskCompletionSource, DbConnectionOptions userOptions, DbConnectionInternal& connection)
   at Microsoft.Data.ProviderBase.DbConnectionFactory.TryGetConnection(DbConnection owningConnection, TaskCompletionSource`1 retry, DbConnectionOptions userOptions, DbConnectionInternal oldConnection, DbConnectionInternal& connection)
   at Microsoft.Data.ProviderBase.DbConnectionInternal.TryOpenConnectionInternal(DbConnection outerConnection, DbConnectionFactory connectionFactory, TaskCompletionSource`1 retry, DbConnectionOptions userOptions)
   at Microsoft.Data.ProviderBase.DbConnectionClosed.TryOpenConnection(DbConnection outerConnection, DbConnectionFactory connectionFactory, TaskCompletionSource`1 retry, DbConnectionOptions userOptions)
   at Microsoft.Data.SqlClient.SqlConnection.TryOpen(TaskCompletionSource`1 retry, SqlConnectionOverrides overrides)
   at Microsoft.Data.SqlClient.SqlConnection.InternalOpenAsync(SqlConnectionOverrides overrides, CancellationToken cancellationToken)
--- End of stack trace from previous location ---
   at Microsoft.EntityFrameworkCore.Storage.RelationalConnection.OpenInternalAsync(Boolean errorsExpected, CancellationToken cancellationToken)
   at Microsoft.EntityFrameworkCore.Storage.RelationalConnection.OpenInternalAsync(Boolean errorsExpected, CancellationToken cancellationToken)
   at Microsoft.EntityFrameworkCore.Storage.RelationalConnection.OpenAsync(CancellationToken cancellationToken, Boolean errorsExpected)
   at Microsoft.EntityFrameworkCore.Storage.RelationalCommand.ExecuteReaderAsync(RelationalCommandParameterObject parameterObject, CancellationToken cancellationToken)
   at Microsoft.EntityFrameworkCore.Query.Internal.SingleQueryingEnumerable`1.AsyncEnumerator.InitializeReaderAsync(AsyncEnumerator enumerator, CancellationToken cancellationToken)
   at Microsoft.EntityFrameworkCore.Storage.ExecutionStrategy.<>c__DisplayClass30_0`2.<<ExecuteAsync>b__0>d.MoveNext()
--- End of stack trace from previous location ---
   at Microsoft.EntityFrameworkCore.Storage.ExecutionStrategy.ExecuteImplementationAsync[TState,TResult](Func`4 operation, Func`4 verifySucceeded, TState state, CancellationToken cancellationToken)
   at Microsoft.EntityFrameworkCore.Storage.ExecutionStrategy.ExecuteImplementationAsync[TState,TResult](Func`4 operation, Func`4 verifySucceeded, TState state, CancellationToken cancellationToken)
   at Microsoft.EntityFrameworkCore.Storage.ExecutionStrategy.ExecuteAsync[TState,TResult](TState state, Func`4 operation, Func`4 verifySucceeded, CancellationToken cancellationToken)
   at Microsoft.EntityFrameworkCore.Query.Internal.SingleQueryingEnumerable`1.AsyncEnumerator.MoveNextAsync()
ClientConnectionId:00000000-0000-0000-0000-000000000000
Error Number:258,State:0,Class:20
[13:19:37 ERR] Error occurred while processing vector sync outbox.
Microsoft.Data.SqlClient.SqlException (0x80131904): A network-related or instance-specific error occurred while establishing a connection to SQL Server. The server was not found or was not accessible. Verify that the instance name is correct and that SQL Server is configured to allow remote connections. (provider: TCP Provider, error: 0 - The wait operation timed out.)
 ---> System.ComponentModel.Win32Exception (258): The wait operation timed out.
   at Microsoft.Data.SqlClient.ConnectionPool.WaitHandleDbConnectionPool.TryGetConnection(DbConnection owningObject, UInt32 waitForMultipleObjectsTimeout, Boolean allowCreate, Boolean onlyOneCheckConnection, DbConnectionOptions userOptions, DbConnectionInternal& connection)
   at Microsoft.Data.SqlClient.ConnectionPool.WaitHandleDbConnectionPool.TryGetConnection(DbConnection owningObject, TaskCompletionSource`1 taskCompletionSource, DbConnectionOptions userOptions, DbConnectionInternal& connection)
   at Microsoft.Data.ProviderBase.DbConnectionFactory.TryGetConnection(DbConnection owningConnection, TaskCompletionSource`1 retry, DbConnectionOptions userOptions, DbConnectionInternal oldConnection, DbConnectionInternal& connection)
   at Microsoft.Data.ProviderBase.DbConnectionInternal.TryOpenConnectionInternal(DbConnection outerConnection, DbConnectionFactory connectionFactory, TaskCompletionSource`1 retry, DbConnectionOptions userOptions)
   at Microsoft.Data.ProviderBase.DbConnectionClosed.TryOpenConnection(DbConnection outerConnection, DbConnectionFactory connectionFactory, TaskCompletionSource`1 retry, DbConnectionOptions userOptions)
   at Microsoft.Data.SqlClient.SqlConnection.TryOpen(TaskCompletionSource`1 retry, SqlConnectionOverrides overrides)
   at Microsoft.Data.SqlClient.SqlConnection.InternalOpenAsync(SqlConnectionOverrides overrides, CancellationToken cancellationToken)
--- End of stack trace from previous location ---
   at Microsoft.EntityFrameworkCore.Storage.RelationalConnection.OpenInternalAsync(Boolean errorsExpected, CancellationToken cancellationToken)
   at Microsoft.EntityFrameworkCore.Storage.RelationalConnection.OpenInternalAsync(Boolean errorsExpected, CancellationToken cancellationToken)
   at Microsoft.EntityFrameworkCore.Storage.RelationalConnection.OpenAsync(CancellationToken cancellationToken, Boolean errorsExpected)
   at Microsoft.EntityFrameworkCore.Storage.RelationalCommand.ExecuteReaderAsync(RelationalCommandParameterObject parameterObject, CancellationToken cancellationToken)
   at Microsoft.EntityFrameworkCore.Query.Internal.SingleQueryingEnumerable`1.AsyncEnumerator.InitializeReaderAsync(AsyncEnumerator enumerator, CancellationToken cancellationToken)
   at Microsoft.EntityFrameworkCore.Storage.ExecutionStrategy.<>c__DisplayClass30_0`2.<<ExecuteAsync>b__0>d.MoveNext()
--- End of stack trace from previous location ---
   at Microsoft.EntityFrameworkCore.Storage.ExecutionStrategy.ExecuteImplementationAsync[TState,TResult](Func`4 operation, Func`4 verifySucceeded, TState state, CancellationToken cancellationToken)
   at Microsoft.EntityFrameworkCore.Storage.ExecutionStrategy.ExecuteImplementationAsync[TState,TResult](Func`4 operation, Func`4 verifySucceeded, TState state, CancellationToken cancellationToken)
   at Microsoft.EntityFrameworkCore.Storage.ExecutionStrategy.ExecuteAsync[TState,TResult](TState state, Func`4 operation, Func`4 verifySucceeded, CancellationToken cancellationToken)
   at Microsoft.EntityFrameworkCore.Query.Internal.SingleQueryingEnumerable`1.AsyncEnumerator.MoveNextAsync()
   at Microsoft.EntityFrameworkCore.EntityFrameworkQueryableExtensions.ToListAsync[TSource](IQueryable`1 source, CancellationToken cancellationToken)
   at Microsoft.EntityFrameworkCore.EntityFrameworkQueryableExtensions.ToListAsync[TSource](IQueryable`1 source, CancellationToken cancellationToken)
   at Qaly.Infrastructure.Services.VectorSyncWorker.ProcessOutboxMessagesAsync(CancellationToken ct) in C:\Users\OS\Qaly_project\src\Qaly.Infrastructure\Services\VectorSyncWorker.cs:line 51
   at Qaly.Infrastructure.Services.VectorSyncWorker.ExecuteAsync(CancellationToken stoppingToken) in C:\Users\OS\Qaly_project\src\Qaly.Infrastructure\Services\VectorSyncWorker.cs:line 31
ClientConnectionId:00000000-0000-0000-0000-000000000000
Error Number:258,State:0,Class:20
[13:19:38 WRN] Failed to determine the https port for redirect.
[13:19:38 ERR] An exception occurred while trying to decrypt the element.
System.Security.Cryptography.CryptographicException: Error occurred during a cryptographic operation.
   at Microsoft.AspNetCore.DataProtection.Cng.DpapiSecretSerializerHelper.UnprotectWithDpapiCore(Byte* pbProtectedData, UInt32 cbProtectedData, Byte* pbOptionalEntropy, UInt32 cbOptionalEntropy)
   at Microsoft.AspNetCore.DataProtection.Cng.DpapiSecretSerializerHelper.UnprotectWithDpapi(Byte[] protectedSecret)
   at Microsoft.AspNetCore.DataProtection.XmlEncryption.DpapiXmlDecryptor.Decrypt(XElement encryptedElement)
[13:19:38 ERR] An exception occurred while processing the key element '<key id="0ee0c546-5296-4fdd-a9a7-e87032336e35" version="1" />'.
System.Security.Cryptography.CryptographicException: Error occurred during a cryptographic operation.
   at Microsoft.AspNetCore.DataProtection.Cng.DpapiSecretSerializerHelper.UnprotectWithDpapiCore(Byte* pbProtectedData, UInt32 cbProtectedData, Byte* pbOptionalEntropy, UInt32 cbOptionalEntropy)
   at Microsoft.AspNetCore.DataProtection.Cng.DpapiSecretSerializerHelper.UnprotectWithDpapi(Byte[] protectedSecret)
   at Microsoft.AspNetCore.DataProtection.XmlEncryption.DpapiXmlDecryptor.Decrypt(XElement encryptedElement)
   at Microsoft.AspNetCore.DataProtection.XmlEncryption.XmlEncryptionExtensions.DecryptElement(XElement element, IActivator activator)
   at Microsoft.AspNetCore.DataProtection.KeyManagement.XmlKeyManager.Microsoft.AspNetCore.DataProtection.KeyManagement.Internal.IInternalXmlKeyManager.DeserializeDescriptorFromKeyElement(XElement keyElement)
[13:19:38 ERR] An exception occurred while trying to decrypt the element.
System.Security.Cryptography.CryptographicException: Error occurred during a cryptographic operation.
   at Microsoft.AspNetCore.DataProtection.Cng.DpapiSecretSerializerHelper.UnprotectWithDpapiCore(Byte* pbProtectedData, UInt32 cbProtectedData, Byte* pbOptionalEntropy, UInt32 cbOptionalEntropy)
   at Microsoft.AspNetCore.DataProtection.Cng.DpapiSecretSerializerHelper.UnprotectWithDpapi(Byte[] protectedSecret)
   at Microsoft.AspNetCore.DataProtection.XmlEncryption.DpapiXmlDecryptor.Decrypt(XElement encryptedElement)
[13:19:38 ERR] An exception occurred while processing the key element '<key id="0ee0c546-5296-4fdd-a9a7-e87032336e35" version="1" />'.
System.Security.Cryptography.CryptographicException: Error occurred during a cryptographic operation.
   at Microsoft.AspNetCore.DataProtection.Cng.DpapiSecretSerializerHelper.UnprotectWithDpapiCore(Byte* pbProtectedData, UInt32 cbProtectedData, Byte* pbOptionalEntropy, UInt32 cbOptionalEntropy)
   at Microsoft.AspNetCore.DataProtection.Cng.DpapiSecretSerializerHelper.UnprotectWithDpapi(Byte[] protectedSecret)
   at Microsoft.AspNetCore.DataProtection.XmlEncryption.DpapiXmlDecryptor.Decrypt(XElement encryptedElement)
   at Microsoft.AspNetCore.DataProtection.XmlEncryption.XmlEncryptionExtensions.DecryptElement(XElement element, IActivator activator)
   at Microsoft.AspNetCore.DataProtection.KeyManagement.XmlKeyManager.Microsoft.AspNetCore.DataProtection.KeyManagement.Internal.IInternalXmlKeyManager.DeserializeDescriptorFromKeyElement(XElement keyElement)
[13:19:39 ERR] An exception occurred while trying to decrypt the element.
System.Security.Cryptography.CryptographicException: Error occurred during a cryptographic operation.
   at Microsoft.AspNetCore.DataProtection.Cng.DpapiSecretSerializerHelper.UnprotectWithDpapiCore(Byte* pbProtectedData, UInt32 cbProtectedData, Byte* pbOptionalEntropy, UInt32 cbOptionalEntropy)
   at Microsoft.AspNetCore.DataProtection.Cng.DpapiSecretSerializerHelper.UnprotectWithDpapi(Byte[] protectedSecret)
   at Microsoft.AspNetCore.DataProtection.XmlEncryption.DpapiXmlDecryptor.Decrypt(XElement encryptedElement)
[13:19:39 ERR] An exception occurred while processing the key element '<key id="0ee0c546-5296-4fdd-a9a7-e87032336e35" version="1" />'.
System.Security.Cryptography.CryptographicException: Error occurred during a cryptographic operation.
   at Microsoft.AspNetCore.DataProtection.Cng.DpapiSecretSerializerHelper.UnprotectWithDpapiCore(Byte* pbProtectedData, UInt32 cbProtectedData, Byte* pbOptionalEntropy, UInt32 cbOptionalEntropy)
   at Microsoft.AspNetCore.DataProtection.Cng.DpapiSecretSerializerHelper.UnprotectWithDpapi(Byte[] protectedSecret)
   at Microsoft.AspNetCore.DataProtection.XmlEncryption.DpapiXmlDecryptor.Decrypt(XElement encryptedElement)
   at Microsoft.AspNetCore.DataProtection.XmlEncryption.XmlEncryptionExtensions.DecryptElement(XElement element, IActivator activator)
   at Microsoft.AspNetCore.DataProtection.KeyManagement.XmlKeyManager.Microsoft.AspNetCore.DataProtection.KeyManagement.Internal.IInternalXmlKeyManager.DeserializeDescriptorFromKeyElement(XElement keyElement)
[13:19:39 ERR] An exception occurred while trying to decrypt the element.
System.Security.Cryptography.CryptographicException: Error occurred during a cryptographic operation.
   at Microsoft.AspNetCore.DataProtection.Cng.DpapiSecretSerializerHelper.UnprotectWithDpapiCore(Byte* pbProtectedData, UInt32 cbProtectedData, Byte* pbOptionalEntropy, UInt32 cbOptionalEntropy)
   at Microsoft.AspNetCore.DataProtection.Cng.DpapiSecretSerializerHelper.UnprotectWithDpapi(Byte[] protectedSecret)
   at Microsoft.AspNetCore.DataProtection.XmlEncryption.DpapiXmlDecryptor.Decrypt(XElement encryptedElement)
[13:19:39 ERR] An exception occurred while processing the key element '<key id="0ee0c546-5296-4fdd-a9a7-e87032336e35" version="1" />'.
System.Security.Cryptography.CryptographicException: Error occurred during a cryptographic operation.
   at Microsoft.AspNetCore.DataProtection.Cng.DpapiSecretSerializerHelper.UnprotectWithDpapiCore(Byte* pbProtectedData, UInt32 cbProtectedData, Byte* pbOptionalEntropy, UInt32 cbOptionalEntropy)
   at Microsoft.AspNetCore.DataProtection.Cng.DpapiSecretSerializerHelper.UnprotectWithDpapi(Byte[] protectedSecret)
   at Microsoft.AspNetCore.DataProtection.XmlEncryption.DpapiXmlDecryptor.Decrypt(XElement encryptedElement)
   at Microsoft.AspNetCore.DataProtection.XmlEncryption.XmlEncryptionExtensions.DecryptElement(XElement element, IActivator activator)
   at Microsoft.AspNetCore.DataProtection.KeyManagement.XmlKeyManager.Microsoft.AspNetCore.DataProtection.KeyManagement.Internal.IInternalXmlKeyManager.DeserializeDescriptorFromKeyElement(XElement keyElement)
[13:19:39 ERR] An exception occurred while trying to decrypt the element.
System.Security.Cryptography.CryptographicException: Error occurred during a cryptographic operation.
   at Microsoft.AspNetCore.DataProtection.Cng.DpapiSecretSerializerHelper.UnprotectWithDpapiCore(Byte* pbProtectedData, UInt32 cbProtectedData, Byte* pbOptionalEntropy, UInt32 cbOptionalEntropy)
   at Microsoft.AspNetCore.DataProtection.Cng.DpapiSecretSerializerHelper.UnprotectWithDpapi(Byte[] protectedSecret)
   at Microsoft.AspNetCore.DataProtection.XmlEncryption.DpapiXmlDecryptor.Decrypt(XElement encryptedElement)
[13:19:39 ERR] An exception occurred while processing the key element '<key id="0ee0c546-5296-4fdd-a9a7-e87032336e35" version="1" />'.
System.Security.Cryptography.CryptographicException: Error occurred during a cryptographic operation.
   at Microsoft.AspNetCore.DataProtection.Cng.DpapiSecretSerializerHelper.UnprotectWithDpapiCore(Byte* pbProtectedData, UInt32 cbProtectedData, Byte* pbOptionalEntropy, UInt32 cbOptionalEntropy)
   at Microsoft.AspNetCore.DataProtection.Cng.DpapiSecretSerializerHelper.UnprotectWithDpapi(Byte[] protectedSecret)
   at Microsoft.AspNetCore.DataProtection.XmlEncryption.DpapiXmlDecryptor.Decrypt(XElement encryptedElement)
   at Microsoft.AspNetCore.DataProtection.XmlEncryption.XmlEncryptionExtensions.DecryptElement(XElement element, IActivator activator)
   at Microsoft.AspNetCore.DataProtection.KeyManagement.XmlKeyManager.Microsoft.AspNetCore.DataProtection.KeyManagement.Internal.IInternalXmlKeyManager.DeserializeDescriptorFromKeyElement(XElement keyElement)
[13:19:39 ERR] An exception occurred while trying to decrypt the element.
System.Security.Cryptography.CryptographicException: Error occurred during a cryptographic operation.
   at Microsoft.AspNetCore.DataProtection.Cng.DpapiSecretSerializerHelper.UnprotectWithDpapiCore(Byte* pbProtectedData, UInt32 cbProtectedData, Byte* pbOptionalEntropy, UInt32 cbOptionalEntropy)
   at Microsoft.AspNetCore.DataProtection.Cng.DpapiSecretSerializerHelper.UnprotectWithDpapi(Byte[] protectedSecret)
   at Microsoft.AspNetCore.DataProtection.XmlEncryption.DpapiXmlDecryptor.Decrypt(XElement encryptedElement)
[13:19:39 ERR] An exception occurred while processing the key element '<key id="0ee0c546-5296-4fdd-a9a7-e87032336e35" version="1" />'.
System.Security.Cryptography.CryptographicException: Error occurred during a cryptographic operation.
   at Microsoft.AspNetCore.DataProtection.Cng.DpapiSecretSerializerHelper.UnprotectWithDpapiCore(Byte* pbProtectedData, UInt32 cbProtectedData, Byte* pbOptionalEntropy, UInt32 cbOptionalEntropy)
   at Microsoft.AspNetCore.DataProtection.Cng.DpapiSecretSerializerHelper.UnprotectWithDpapi(Byte[] protectedSecret)
   at Microsoft.AspNetCore.DataProtection.XmlEncryption.DpapiXmlDecryptor.Decrypt(XElement encryptedElement)
   at Microsoft.AspNetCore.DataProtection.XmlEncryption.XmlEncryptionExtensions.DecryptElement(XElement element, IActivator activator)
   at Microsoft.AspNetCore.DataProtection.KeyManagement.XmlKeyManager.Microsoft.AspNetCore.DataProtection.KeyManagement.Internal.IInternalXmlKeyManager.DeserializeDescriptorFromKeyElement(XElement keyElement)
[13:19:39 ERR] An exception occurred while trying to decrypt the element.
System.Security.Cryptography.CryptographicException: Error occurred during a cryptographic operation.
   at Microsoft.AspNetCore.DataProtection.Cng.DpapiSecretSerializerHelper.UnprotectWithDpapiCore(Byte* pbProtectedData, UInt32 cbProtectedData, Byte* pbOptionalEntropy, UInt32 cbOptionalEntropy)
   at Microsoft.AspNetCore.DataProtection.Cng.DpapiSecretSerializerHelper.UnprotectWithDpapi(Byte[] protectedSecret)
   at Microsoft.AspNetCore.DataProtection.XmlEncryption.DpapiXmlDecryptor.Decrypt(XElement encryptedElement)
[13:19:39 ERR] An exception occurred while processing the key element '<key id="0ee0c546-5296-4fdd-a9a7-e87032336e35" version="1" />'.
System.Security.Cryptography.CryptographicException: Error occurred during a cryptographic operation.
   at Microsoft.AspNetCore.DataProtection.Cng.DpapiSecretSerializerHelper.UnprotectWithDpapiCore(Byte* pbProtectedData, UInt32 cbProtectedData, Byte* pbOptionalEntropy, UInt32 cbOptionalEntropy)
   at Microsoft.AspNetCore.DataProtection.Cng.DpapiSecretSerializerHelper.UnprotectWithDpapi(Byte[] protectedSecret)
   at Microsoft.AspNetCore.DataProtection.XmlEncryption.DpapiXmlDecryptor.Decrypt(XElement encryptedElement)
   at Microsoft.AspNetCore.DataProtection.XmlEncryption.XmlEncryptionExtensions.DecryptElement(XElement element, IActivator activator)
   at Microsoft.AspNetCore.DataProtection.KeyManagement.XmlKeyManager.Microsoft.AspNetCore.DataProtection.KeyManagement.Internal.IInternalXmlKeyManager.DeserializeDescriptorFromKeyElement(XElement keyElement)
[13:19:40 ERR] An exception occurred while trying to decrypt the element.
System.Security.Cryptography.CryptographicException: Error occurred during a cryptographic operation.
   at Microsoft.AspNetCore.DataProtection.Cng.DpapiSecretSerializerHelper.UnprotectWithDpapiCore(Byte* pbProtectedData, UInt32 cbProtectedData, Byte* pbOptionalEntropy, UInt32 cbOptionalEntropy)
   at Microsoft.AspNetCore.DataProtection.Cng.DpapiSecretSerializerHelper.UnprotectWithDpapi(Byte[] protectedSecret)
   at Microsoft.AspNetCore.DataProtection.XmlEncryption.DpapiXmlDecryptor.Decrypt(XElement encryptedElement)
[13:19:40 ERR] An exception occurred while processing the key element '<key id="0ee0c546-5296-4fdd-a9a7-e87032336e35" version="1" />'.
System.Security.Cryptography.CryptographicException: Error occurred during a cryptographic operation.
   at Microsoft.AspNetCore.DataProtection.Cng.DpapiSecretSerializerHelper.UnprotectWithDpapiCore(Byte* pbProtectedData, UInt32 cbProtectedData, Byte* pbOptionalEntropy, UInt32 cbOptionalEntropy)
   at Microsoft.AspNetCore.DataProtection.Cng.DpapiSecretSerializerHelper.UnprotectWithDpapi(Byte[] protectedSecret)
   at Microsoft.AspNetCore.DataProtection.XmlEncryption.DpapiXmlDecryptor.Decrypt(XElement encryptedElement)
   at Microsoft.AspNetCore.DataProtection.XmlEncryption.XmlEncryptionExtensions.DecryptElement(XElement element, IActivator activator)
   at Microsoft.AspNetCore.DataProtection.KeyManagement.XmlKeyManager.Microsoft.AspNetCore.DataProtection.KeyManagement.Internal.IInternalXmlKeyManager.DeserializeDescriptorFromKeyElement(XElement keyElement)
[13:19:40 ERR] An exception occurred while trying to decrypt the element.
System.Security.Cryptography.CryptographicException: Error occurred during a cryptographic operation.
   at Microsoft.AspNetCore.DataProtection.Cng.DpapiSecretSerializerHelper.UnprotectWithDpapiCore(Byte* pbProtectedData, UInt32 cbProtectedData, Byte* pbOptionalEntropy, UInt32 cbOptionalEntropy)
   at Microsoft.AspNetCore.DataProtection.Cng.DpapiSecretSerializerHelper.UnprotectWithDpapi(Byte[] protectedSecret)
   at Microsoft.AspNetCore.DataProtection.XmlEncryption.DpapiXmlDecryptor.Decrypt(XElement encryptedElement)
[13:19:40 ERR] An exception occurred while processing the key element '<key id="0ee0c546-5296-4fdd-a9a7-e87032336e35" version="1" />'.
System.Security.Cryptography.CryptographicException: Error occurred during a cryptographic operation.
   at Microsoft.AspNetCore.DataProtection.Cng.DpapiSecretSerializerHelper.UnprotectWithDpapiCore(Byte* pbProtectedData, UInt32 cbProtectedData, Byte* pbOptionalEntropy, UInt32 cbOptionalEntropy)
   at Microsoft.AspNetCore.DataProtection.Cng.DpapiSecretSerializerHelper.UnprotectWithDpapi(Byte[] protectedSecret)
   at Microsoft.AspNetCore.DataProtection.XmlEncryption.DpapiXmlDecryptor.Decrypt(XElement encryptedElement)
   at Microsoft.AspNetCore.DataProtection.XmlEncryption.XmlEncryptionExtensions.DecryptElement(XElement element, IActivator activator)
   at Microsoft.AspNetCore.DataProtection.KeyManagement.XmlKeyManager.Microsoft.AspNetCore.DataProtection.KeyManagement.Internal.IInternalXmlKeyManager.DeserializeDescriptorFromKeyElement(XElement keyElement)
[13:19:40 ERR] An exception occurred while trying to decrypt the element.
System.Security.Cryptography.CryptographicException: Error occurred during a cryptographic operation.
   at Microsoft.AspNetCore.DataProtection.Cng.DpapiSecretSerializerHelper.UnprotectWithDpapiCore(Byte* pbProtectedData, UInt32 cbProtectedData, Byte* pbOptionalEntropy, UInt32 cbOptionalEntropy)
   at Microsoft.AspNetCore.DataProtection.Cng.DpapiSecretSerializerHelper.UnprotectWithDpapi(Byte[] protectedSecret)
   at Microsoft.AspNetCore.DataProtection.XmlEncryption.DpapiXmlDecryptor.Decrypt(XElement encryptedElement)
[13:19:40 ERR] An exception occurred while processing the key element '<key id="0ee0c546-5296-4fdd-a9a7-e87032336e35" version="1" />'.
System.Security.Cryptography.CryptographicException: Error occurred during a cryptographic operation.
   at Microsoft.AspNetCore.DataProtection.Cng.DpapiSecretSerializerHelper.UnprotectWithDpapiCore(Byte* pbProtectedData, UInt32 cbProtectedData, Byte* pbOptionalEntropy, UInt32 cbOptionalEntropy)
   at Microsoft.AspNetCore.DataProtection.Cng.DpapiSecretSerializerHelper.UnprotectWithDpapi(Byte[] protectedSecret)
   at Microsoft.AspNetCore.DataProtection.XmlEncryption.DpapiXmlDecryptor.Decrypt(XElement encryptedElement)
   at Microsoft.AspNetCore.DataProtection.XmlEncryption.XmlEncryptionExtensions.DecryptElement(XElement element, IActivator activator)
   at Microsoft.AspNetCore.DataProtection.KeyManagement.XmlKeyManager.Microsoft.AspNetCore.DataProtection.KeyManagement.Internal.IInternalXmlKeyManager.DeserializeDescriptorFromKeyElement(XElement keyElement)
[13:19:40 WRN] Key {0ee0c546-5296-4fdd-a9a7-e87032336e35} is ineligible to be the default key because its CreateEncryptor method failed after the maximum number of retries.
System.AggregateException: One or more errors occurred. (Error occurred during a cryptographic operation.) (Error occurred during a cryptographic operation.) (Error occurred during a cryptographic operation.) (Error occurred during a cryptographic operation.) (Error occurred during a cryptographic operation.) (Error occurred during a cryptographic operation.) (Error occurred during a cryptographic operation.) (Error occurred during a cryptographic operation.) (Error occurred during a cryptographic operation.) (Error occurred during a cryptographic operation.) (Error occurred during a cryptographic operation.)
 ---> System.Security.Cryptography.CryptographicException: Error occurred during a cryptographic operation.
   at Microsoft.AspNetCore.DataProtection.KeyManagement.Key.get_Descriptor()
   at Microsoft.AspNetCore.DataProtection.AuthenticatedEncryption.CngGcmAuthenticatedEncryptorFactory.CreateEncryptorInstance(IKey key)
   at Microsoft.AspNetCore.DataProtection.KeyManagement.Key.CreateEncryptor()
   at Microsoft.AspNetCore.DataProtection.KeyManagement.DefaultKeyResolver.CanCreateAuthenticatedEncryptor(IKey key, Int32& retriesRemaining)
   --- End of inner exception stack trace ---
 ---> (Inner Exception #1) System.Security.Cryptography.CryptographicException: Error occurred during a cryptographic operation.
   at Microsoft.AspNetCore.DataProtection.Cng.DpapiSecretSerializerHelper.UnprotectWithDpapiCore(Byte* pbProtectedData, UInt32 cbProtectedData, Byte* pbOptionalEntropy, UInt32 cbOptionalEntropy)
   at Microsoft.AspNetCore.DataProtection.Cng.DpapiSecretSerializerHelper.UnprotectWithDpapi(Byte[] protectedSecret)
   at Microsoft.AspNetCore.DataProtection.XmlEncryption.DpapiXmlDecryptor.Decrypt(XElement encryptedElement)
   at Microsoft.AspNetCore.DataProtection.XmlEncryption.XmlEncryptionExtensions.DecryptElement(XElement element, IActivator activator)
   at Microsoft.AspNetCore.DataProtection.KeyManagement.XmlKeyManager.Microsoft.AspNetCore.DataProtection.KeyManagement.Internal.IInternalXmlKeyManager.DeserializeDescriptorFromKeyElement(XElement keyElement)
   at Microsoft.AspNetCore.DataProtection.KeyManagement.Key.get_Descriptor()
   at Microsoft.AspNetCore.DataProtection.AuthenticatedEncryption.CngGcmAuthenticatedEncryptorFactory.CreateEncryptorInstance(IKey key)
   at Microsoft.AspNetCore.DataProtection.KeyManagement.Key.CreateEncryptor()
   at Microsoft.AspNetCore.DataProtection.KeyManagement.DefaultKeyResolver.CanCreateAuthenticatedEncryptor(IKey key, Int32& retriesRemaining)<---

 ---> (Inner Exception #2) System.Security.Cryptography.CryptographicException: Error occurred during a cryptographic operation.
   at Microsoft.AspNetCore.DataProtection.Cng.DpapiSecretSerializerHelper.UnprotectWithDpapiCore(Byte* pbProtectedData, UInt32 cbProtectedData, Byte* pbOptionalEntropy, UInt32 cbOptionalEntropy)
   at Microsoft.AspNetCore.DataProtection.Cng.DpapiSecretSerializerHelper.UnprotectWithDpapi(Byte[] protectedSecret)
   at Microsoft.AspNetCore.DataProtection.XmlEncryption.DpapiXmlDecryptor.Decrypt(XElement encryptedElement)
   at Microsoft.AspNetCore.DataProtection.XmlEncryption.XmlEncryptionExtensions.DecryptElement(XElement element, IActivator activator)
   at Microsoft.AspNetCore.DataProtection.KeyManagement.XmlKeyManager.Microsoft.AspNetCore.DataProtection.KeyManagement.Internal.IInternalXmlKeyManager.DeserializeDescriptorFromKeyElement(XElement keyElement)
   at Microsoft.AspNetCore.DataProtection.KeyManagement.Key.get_Descriptor()
   at Microsoft.AspNetCore.DataProtection.AuthenticatedEncryption.CngGcmAuthenticatedEncryptorFactory.CreateEncryptorInstance(IKey key)
   at Microsoft.AspNetCore.DataProtection.KeyManagement.Key.CreateEncryptor()
   at Microsoft.AspNetCore.DataProtection.KeyManagement.DefaultKeyResolver.CanCreateAuthenticatedEncryptor(IKey key, Int32& retriesRemaining)<---

 ---> (Inner Exception #3) System.Security.Cryptography.CryptographicException: Error occurred during a cryptographic operation.
   at Microsoft.AspNetCore.DataProtection.Cng.DpapiSecretSerializerHelper.UnprotectWithDpapiCore(Byte* pbProtectedData, UInt32 cbProtectedData, Byte* pbOptionalEntropy, UInt32 cbOptionalEntropy)
   at Microsoft.AspNetCore.DataProtection.Cng.DpapiSecretSerializerHelper.UnprotectWithDpapi(Byte[] protectedSecret)
   at Microsoft.AspNetCore.DataProtection.XmlEncryption.DpapiXmlDecryptor.Decrypt(XElement encryptedElement)
   at Microsoft.AspNetCore.DataProtection.XmlEncryption.XmlEncryptionExtensions.DecryptElement(XElement element, IActivator activator)
   at Microsoft.AspNetCore.DataProtection.KeyManagement.XmlKeyManager.Microsoft.AspNetCore.DataProtection.KeyManagement.Internal.IInternalXmlKeyManager.DeserializeDescriptorFromKeyElement(XElement keyElement)
   at Microsoft.AspNetCore.DataProtection.KeyManagement.Key.get_Descriptor()
   at Microsoft.AspNetCore.DataProtection.AuthenticatedEncryption.CngGcmAuthenticatedEncryptorFactory.CreateEncryptorInstance(IKey key)
   at Microsoft.AspNetCore.DataProtection.KeyManagement.Key.CreateEncryptor()
   at Microsoft.AspNetCore.DataProtection.KeyManagement.DefaultKeyResolver.CanCreateAuthenticatedEncryptor(IKey key, Int32& retriesRemaining)<---

 ---> (Inner Exception #4) System.Security.Cryptography.CryptographicException: Error occurred during a cryptographic operation.
   at Microsoft.AspNetCore.DataProtection.Cng.DpapiSecretSerializerHelper.UnprotectWithDpapiCore(Byte* pbProtectedData, UInt32 cbProtectedData, Byte* pbOptionalEntropy, UInt32 cbOptionalEntropy)
   at Microsoft.AspNetCore.DataProtection.Cng.DpapiSecretSerializerHelper.UnprotectWithDpapi(Byte[] protectedSecret)
   at Microsoft.AspNetCore.DataProtection.XmlEncryption.DpapiXmlDecryptor.Decrypt(XElement encryptedElement)
   at Microsoft.AspNetCore.DataProtection.XmlEncryption.XmlEncryptionExtensions.DecryptElement(XElement element, IActivator activator)
   at Microsoft.AspNetCore.DataProtection.KeyManagement.XmlKeyManager.Microsoft.AspNetCore.DataProtection.KeyManagement.Internal.IInternalXmlKeyManager.DeserializeDescriptorFromKeyElement(XElement keyElement)
   at Microsoft.AspNetCore.DataProtection.KeyManagement.Key.get_Descriptor()
   at Microsoft.AspNetCore.DataProtection.AuthenticatedEncryption.CngGcmAuthenticatedEncryptorFactory.CreateEncryptorInstance(IKey key)
   at Microsoft.AspNetCore.DataProtection.KeyManagement.Key.CreateEncryptor()
   at Microsoft.AspNetCore.DataProtection.KeyManagement.DefaultKeyResolver.CanCreateAuthenticatedEncryptor(IKey key, Int32& retriesRemaining)<---

 ---> (Inner Exception #5) System.Security.Cryptography.CryptographicException: Error occurred during a cryptographic operation.
   at Microsoft.AspNetCore.DataProtection.Cng.DpapiSecretSerializerHelper.UnprotectWithDpapiCore(Byte* pbProtectedData, UInt32 cbProtectedData, Byte* pbOptionalEntropy, UInt32 cbOptionalEntropy)
   at Microsoft.AspNetCore.DataProtection.Cng.DpapiSecretSerializerHelper.UnprotectWithDpapi(Byte[] protectedSecret)
   at Microsoft.AspNetCore.DataProtection.XmlEncryption.DpapiXmlDecryptor.Decrypt(XElement encryptedElement)
   at Microsoft.AspNetCore.DataProtection.XmlEncryption.XmlEncryptionExtensions.DecryptElement(XElement element, IActivator activator)
   at Microsoft.AspNetCore.DataProtection.KeyManagement.XmlKeyManager.Microsoft.AspNetCore.DataProtection.KeyManagement.Internal.IInternalXmlKeyManager.DeserializeDescriptorFromKeyElement(XElement keyElement)
   at Microsoft.AspNetCore.DataProtection.KeyManagement.Key.get_Descriptor()
   at Microsoft.AspNetCore.DataProtection.AuthenticatedEncryption.CngGcmAuthenticatedEncryptorFactory.CreateEncryptorInstance(IKey key)
   at Microsoft.AspNetCore.DataProtection.KeyManagement.Key.CreateEncryptor()
   at Microsoft.AspNetCore.DataProtection.KeyManagement.DefaultKeyResolver.CanCreateAuthenticatedEncryptor(IKey key, Int32& retriesRemaining)<---

 ---> (Inner Exception #6) System.Security.Cryptography.CryptographicException: Error occurred during a cryptographic operation.
   at Microsoft.AspNetCore.DataProtection.Cng.DpapiSecretSerializerHelper.UnprotectWithDpapiCore(Byte* pbProtectedData, UInt32 cbProtectedData, Byte* pbOptionalEntropy, UInt32 cbOptionalEntropy)
   at Microsoft.AspNetCore.DataProtection.Cng.DpapiSecretSerializerHelper.UnprotectWithDpapi(Byte[] protectedSecret)
   at Microsoft.AspNetCore.DataProtection.XmlEncryption.DpapiXmlDecryptor.Decrypt(XElement encryptedElement)
   at Microsoft.AspNetCore.DataProtection.XmlEncryption.XmlEncryptionExtensions.DecryptElement(XElement element, IActivator activator)
   at Microsoft.AspNetCore.DataProtection.KeyManagement.XmlKeyManager.Microsoft.AspNetCore.DataProtection.KeyManagement.Internal.IInternalXmlKeyManager.DeserializeDescriptorFromKeyElement(XElement keyElement)
   at Microsoft.AspNetCore.DataProtection.KeyManagement.Key.get_Descriptor()
   at Microsoft.AspNetCore.DataProtection.AuthenticatedEncryption.CngGcmAuthenticatedEncryptorFactory.CreateEncryptorInstance(IKey key)
   at Microsoft.AspNetCore.DataProtection.KeyManagement.Key.CreateEncryptor()
   at Microsoft.AspNetCore.DataProtection.KeyManagement.DefaultKeyResolver.CanCreateAuthenticatedEncryptor(IKey key, Int32& retriesRemaining)<---

 ---> (Inner Exception #7) System.Security.Cryptography.CryptographicException: Error occurred during a cryptographic operation.
   at Microsoft.AspNetCore.DataProtection.Cng.DpapiSecretSerializerHelper.UnprotectWithDpapiCore(Byte* pbProtectedData, UInt32 cbProtectedData, Byte* pbOptionalEntropy, UInt32 cbOptionalEntropy)
   at Microsoft.AspNetCore.DataProtection.Cng.DpapiSecretSerializerHelper.UnprotectWithDpapi(Byte[] protectedSecret)
   at Microsoft.AspNetCore.DataProtection.XmlEncryption.DpapiXmlDecryptor.Decrypt(XElement encryptedElement)
   at Microsoft.AspNetCore.DataProtection.XmlEncryption.XmlEncryptionExtensions.DecryptElement(XElement element, IActivator activator)
   at Microsoft.AspNetCore.DataProtection.KeyManagement.XmlKeyManager.Microsoft.AspNetCore.DataProtection.KeyManagement.Internal.IInternalXmlKeyManager.DeserializeDescriptorFromKeyElement(XElement keyElement)
   at Microsoft.AspNetCore.DataProtection.KeyManagement.Key.get_Descriptor()
   at Microsoft.AspNetCore.DataProtection.AuthenticatedEncryption.CngGcmAuthenticatedEncryptorFactory.CreateEncryptorInstance(IKey key)
   at Microsoft.AspNetCore.DataProtection.KeyManagement.Key.CreateEncryptor()
   at Microsoft.AspNetCore.DataProtection.KeyManagement.DefaultKeyResolver.CanCreateAuthenticatedEncryptor(IKey key, Int32& retriesRemaining)<---

 ---> (Inner Exception #8) System.Security.Cryptography.CryptographicException: Error occurred during a cryptographic operation.
   at Microsoft.AspNetCore.DataProtection.Cng.DpapiSecretSerializerHelper.UnprotectWithDpapiCore(Byte* pbProtectedData, UInt32 cbProtectedData, Byte* pbOptionalEntropy, UInt32 cbOptionalEntropy)
   at Microsoft.AspNetCore.DataProtection.Cng.DpapiSecretSerializerHelper.UnprotectWithDpapi(Byte[] protectedSecret)
   at Microsoft.AspNetCore.DataProtection.XmlEncryption.DpapiXmlDecryptor.Decrypt(XElement encryptedElement)
   at Microsoft.AspNetCore.DataProtection.XmlEncryption.XmlEncryptionExtensions.DecryptElement(XElement element, IActivator activator)
   at Microsoft.AspNetCore.DataProtection.KeyManagement.XmlKeyManager.Microsoft.AspNetCore.DataProtection.KeyManagement.Internal.IInternalXmlKeyManager.DeserializeDescriptorFromKeyElement(XElement keyElement)
   at Microsoft.AspNetCore.DataProtection.KeyManagement.Key.get_Descriptor()
   at Microsoft.AspNetCore.DataProtection.AuthenticatedEncryption.CngGcmAuthenticatedEncryptorFactory.CreateEncryptorInstance(IKey key)
   at Microsoft.AspNetCore.DataProtection.KeyManagement.Key.CreateEncryptor()
   at Microsoft.AspNetCore.DataProtection.KeyManagement.DefaultKeyResolver.CanCreateAuthenticatedEncryptor(IKey key, Int32& retriesRemaining)<---

 ---> (Inner Exception #9) System.Security.Cryptography.CryptographicException: Error occurred during a cryptographic operation.
   at Microsoft.AspNetCore.DataProtection.Cng.DpapiSecretSerializerHelper.UnprotectWithDpapiCore(Byte* pbProtectedData, UInt32 cbProtectedData, Byte* pbOptionalEntropy, UInt32 cbOptionalEntropy)
   at Microsoft.AspNetCore.DataProtection.Cng.DpapiSecretSerializerHelper.UnprotectWithDpapi(Byte[] protectedSecret)
   at Microsoft.AspNetCore.DataProtection.XmlEncryption.DpapiXmlDecryptor.Decrypt(XElement encryptedElement)
   at Microsoft.AspNetCore.DataProtection.XmlEncryption.XmlEncryptionExtensions.DecryptElement(XElement element, IActivator activator)
   at Microsoft.AspNetCore.DataProtection.KeyManagement.XmlKeyManager.Microsoft.AspNetCore.DataProtection.KeyManagement.Internal.IInternalXmlKeyManager.DeserializeDescriptorFromKeyElement(XElement keyElement)
   at Microsoft.AspNetCore.DataProtection.KeyManagement.Key.get_Descriptor()
   at Microsoft.AspNetCore.DataProtection.AuthenticatedEncryption.CngGcmAuthenticatedEncryptorFactory.CreateEncryptorInstance(IKey key)
   at Microsoft.AspNetCore.DataProtection.KeyManagement.Key.CreateEncryptor()
   at Microsoft.AspNetCore.DataProtection.KeyManagement.DefaultKeyResolver.CanCreateAuthenticatedEncryptor(IKey key, Int32& retriesRemaining)<---

 ---> (Inner Exception #10) System.Security.Cryptography.CryptographicException: Error occurred during a cryptographic operation.
   at Microsoft.AspNetCore.DataProtection.Cng.DpapiSecretSerializerHelper.UnprotectWithDpapiCore(Byte* pbProtectedData, UInt32 cbProtectedData, Byte* pbOptionalEntropy, UInt32 cbOptionalEntropy)
   at Microsoft.AspNetCore.DataProtection.Cng.DpapiSecretSerializerHelper.UnprotectWithDpapi(Byte[] protectedSecret)
   at Microsoft.AspNetCore.DataProtection.XmlEncryption.DpapiXmlDecryptor.Decrypt(XElement encryptedElement)
   at Microsoft.AspNetCore.DataProtection.XmlEncryption.XmlEncryptionExtensions.DecryptElement(XElement element, IActivator activator)
   at Microsoft.AspNetCore.DataProtection.KeyManagement.XmlKeyManager.Microsoft.AspNetCore.DataProtection.KeyManagement.Internal.IInternalXmlKeyManager.DeserializeDescriptorFromKeyElement(XElement keyElement)
   at Microsoft.AspNetCore.DataProtection.KeyManagement.Key.get_Descriptor()
   at Microsoft.AspNetCore.DataProtection.AuthenticatedEncryption.CngGcmAuthenticatedEncryptorFactory.CreateEncryptorInstance(IKey key)
   at Microsoft.AspNetCore.DataProtection.KeyManagement.Key.CreateEncryptor()
   at Microsoft.AspNetCore.DataProtection.KeyManagement.DefaultKeyResolver.CanCreateAuthenticatedEncryptor(IKey key, Int32& retriesRemaining)<---
[13:19:40 WRN] Key {26002aa5-29e4-46b6-9227-4cd72cab4886} is ineligible to be the default key because its CreateEncryptor method failed after the maximum number of retries.
System.Security.Cryptography.CryptographicException: Error occurred during a cryptographic operation.
   at Microsoft.AspNetCore.DataProtection.KeyManagement.Key.get_Descriptor()
   at Microsoft.AspNetCore.DataProtection.AuthenticatedEncryption.CngGcmAuthenticatedEncryptorFactory.CreateEncryptorInstance(IKey key)
   at Microsoft.AspNetCore.DataProtection.KeyManagement.Key.CreateEncryptor()
   at Microsoft.AspNetCore.DataProtection.KeyManagement.DefaultKeyResolver.CanCreateAuthenticatedEncryptor(IKey key, Int32& retriesRemaining)
[13:19:40 ERR] An error occurred while reading the key ring.
System.UnauthorizedAccessException: Access to the path 'C:\Users\OS\AppData\Local\ASP.NET\DataProtection-Keys\fde4ca3e-5d3a-4622-b46a-7d1623ef8e16.tmp' is denied.
   at Microsoft.Win32.SafeHandles.SafeFileHandle.CreateFile(String fullPath, FileMode mode, FileAccess access, FileShare share, FileOptions options)
   at Microsoft.Win32.SafeHandles.SafeFileHandle.Open(String fullPath, FileMode mode, FileAccess access, FileShare share, FileOptions options, Int64 preallocationSize, Nullable`1 unixCreateMode)
   at System.IO.Strategies.OSFileStreamStrategy..ctor(String path, FileMode mode, FileAccess access, FileShare share, FileOptions options, Int64 preallocationSize, Nullable`1 unixCreateMode)
   at System.IO.Strategies.FileStreamHelpers.ChooseStrategyCore(String path, FileMode mode, FileAccess access, FileShare share, FileOptions options, Int64 preallocationSize, Nullable`1 unixCreateMode)
   at System.IO.File.OpenWrite(String path)
   at Microsoft.AspNetCore.DataProtection.Repositories.FileSystemXmlRepository.StoreElementCore(XElement element, String filename)
   at Microsoft.AspNetCore.DataProtection.Repositories.FileSystemXmlRepository.StoreElement(XElement element, String friendlyName)
   at Microsoft.AspNetCore.DataProtection.KeyManagement.XmlKeyManager.Microsoft.AspNetCore.DataProtection.KeyManagement.Internal.IInternalXmlKeyManager.CreateNewKey(Guid keyId, DateTimeOffset creationDate, DateTimeOffset activationDate, DateTimeOffset expirationDate)
   at Microsoft.AspNetCore.DataProtection.KeyManagement.XmlKeyManager.CreateNewKey(DateTimeOffset activationDate, DateTimeOffset expirationDate)
   at Microsoft.AspNetCore.DataProtection.KeyManagement.KeyRingProvider.CreateCacheableKeyRingCore(DateTimeOffset now, IKey keyJustAdded)
   at Microsoft.AspNetCore.DataProtection.KeyManagement.KeyRingProvider.<GetCurrentKeyRingCoreNew>b__31_1(Object utcNowState)
   at System.Threading.Tasks.Task`1.InnerInvoke()
   at System.Threading.ExecutionContext.RunFromThreadPoolDispatchLoop(Thread threadPoolThread, ExecutionContext executionContext, ContextCallback callback, Object state)
--- End of stack trace from previous location ---
   at System.Threading.ExecutionContext.RunFromThreadPoolDispatchLoop(Thread threadPoolThread, ExecutionContext executionContext, ContextCallback callback, Object state)
   at System.Threading.Tasks.Task.ExecuteWithThreadLocal(Task& currentTaskSlot, Thread threadPoolThread)
--- End of stack trace from previous location ---
   at Microsoft.AspNetCore.DataProtection.KeyManagement.KeyRingProvider.GetKeyRingFromCompletedTaskUnsynchronized(Task`1 task, DateTime utcNow)
[13:19:40 ERR] An unhandled exception occurred. UserId: anonymous, RequestPath: /Account/Login, CorrelationId: unknown
System.Security.Cryptography.CryptographicException: An error occurred while trying to encrypt the provided data. Refer to the inner exception for more information.
 ---> System.UnauthorizedAccessException: Access to the path 'C:\Users\OS\AppData\Local\ASP.NET\DataProtection-Keys\fde4ca3e-5d3a-4622-b46a-7d1623ef8e16.tmp' is denied.
   at Microsoft.Win32.SafeHandles.SafeFileHandle.CreateFile(String fullPath, FileMode mode, FileAccess access, FileShare share, FileOptions options)
   at Microsoft.Win32.SafeHandles.SafeFileHandle.Open(String fullPath, FileMode mode, FileAccess access, FileShare share, FileOptions options, Int64 preallocationSize, Nullable`1 unixCreateMode)
   at System.IO.Strategies.OSFileStreamStrategy..ctor(String path, FileMode mode, FileAccess access, FileShare share, FileOptions options, Int64 preallocationSize, Nullable`1 unixCreateMode)
   at System.IO.Strategies.FileStreamHelpers.ChooseStrategyCore(String path, FileMode mode, FileAccess access, FileShare share, FileOptions options, Int64 preallocationSize, Nullable`1 unixCreateMode)
   at System.IO.File.OpenWrite(String path)
   at Microsoft.AspNetCore.DataProtection.Repositories.FileSystemXmlRepository.StoreElementCore(XElement element, String filename)
   at Microsoft.AspNetCore.DataProtection.Repositories.FileSystemXmlRepository.StoreElement(XElement element, String friendlyName)
   at Microsoft.AspNetCore.DataProtection.KeyManagement.XmlKeyManager.Microsoft.AspNetCore.DataProtection.KeyManagement.Internal.IInternalXmlKeyManager.CreateNewKey(Guid keyId, DateTimeOffset creationDate, DateTimeOffset activationDate, DateTimeOffset expirationDate)
   at Microsoft.AspNetCore.DataProtection.KeyManagement.XmlKeyManager.CreateNewKey(DateTimeOffset activationDate, DateTimeOffset expirationDate)
   at Microsoft.AspNetCore.DataProtection.KeyManagement.KeyRingProvider.CreateCacheableKeyRingCore(DateTimeOffset now, IKey keyJustAdded)
   at Microsoft.AspNetCore.DataProtection.KeyManagement.KeyRingProvider.<GetCurrentKeyRingCoreNew>b__31_1(Object utcNowState)
   at System.Threading.Tasks.Task`1.InnerInvoke()
   at System.Threading.ExecutionContext.RunFromThreadPoolDispatchLoop(Thread threadPoolThread, ExecutionContext executionContext, ContextCallback callback, Object state)
--- End of stack trace from previous location ---
   at System.Threading.ExecutionContext.RunFromThreadPoolDispatchLoop(Thread threadPoolThread, ExecutionContext executionContext, ContextCallback callback, Object state)
   at System.Threading.Tasks.Task.ExecuteWithThreadLocal(Task& currentTaskSlot, Thread threadPoolThread)
--- End of stack trace from previous location ---
   at Microsoft.AspNetCore.DataProtection.KeyManagement.KeyRingProvider.GetKeyRingFromCompletedTaskUnsynchronized(Task`1 task, DateTime utcNow)
   at Microsoft.AspNetCore.DataProtection.KeyManagement.KeyRingProvider.GetCurrentKeyRingCoreNew(DateTime utcNow, Boolean forceRefresh)
   at Microsoft.AspNetCore.DataProtection.KeyManagement.KeyRingBasedDataProtector.Protect(Byte[] plaintext)
   --- End of inner exception stack trace ---
   at Microsoft.AspNetCore.DataProtection.KeyManagement.KeyRingBasedDataProtector.Protect(Byte[] plaintext)
   at Microsoft.AspNetCore.Session.CookieProtection.Protect(IDataProtector protector, String data)
   at Microsoft.AspNetCore.Session.SessionMiddleware.Invoke(HttpContext context)
   at Microsoft.AspNetCore.Authorization.AuthorizationMiddleware.Invoke(HttpContext context)
   at Microsoft.AspNetCore.Authentication.AuthenticationMiddleware.Invoke(HttpContext context)
   at Microsoft.AspNetCore.Diagnostics.ExceptionHandlerMiddlewareImpl.<Invoke>g__Awaited|10_0(ExceptionHandlerMiddlewareImpl middleware, HttpContext context, Task task)
[13:19:40 ERR] HTTP GET /Account/Login responded 500 in 2213.2466 ms
[13:19:40 ERR] An exception occurred while trying to decrypt the element.
System.Security.Cryptography.CryptographicException: Error occurred during a cryptographic operation.
   at Microsoft.AspNetCore.DataProtection.Cng.DpapiSecretSerializerHelper.UnprotectWithDpapiCore(Byte* pbProtectedData, UInt32 cbProtectedData, Byte* pbOptionalEntropy, UInt32 cbOptionalEntropy)
   at Microsoft.AspNetCore.DataProtection.Cng.DpapiSecretSerializerHelper.UnprotectWithDpapi(Byte[] protectedSecret)
   at Microsoft.AspNetCore.DataProtection.XmlEncryption.DpapiXmlDecryptor.Decrypt(XElement encryptedElement)
[13:19:40 ERR] An exception occurred while processing the key element '<key id="0ee0c546-5296-4fdd-a9a7-e87032336e35" version="1" />'.
System.Security.Cryptography.CryptographicException: Error occurred during a cryptographic operation.
   at Microsoft.AspNetCore.DataProtection.Cng.DpapiSecretSerializerHelper.UnprotectWithDpapiCore(Byte* pbProtectedData, UInt32 cbProtectedData, Byte* pbOptionalEntropy, UInt32 cbOptionalEntropy)
   at Microsoft.AspNetCore.DataProtection.Cng.DpapiSecretSerializerHelper.UnprotectWithDpapi(Byte[] protectedSecret)
   at Microsoft.AspNetCore.DataProtection.XmlEncryption.DpapiXmlDecryptor.Decrypt(XElement encryptedElement)
   at Microsoft.AspNetCore.DataProtection.XmlEncryption.XmlEncryptionExtensions.DecryptElement(XElement element, IActivator activator)
   at Microsoft.AspNetCore.DataProtection.KeyManagement.XmlKeyManager.Microsoft.AspNetCore.DataProtection.KeyManagement.Internal.IInternalXmlKeyManager.DeserializeDescriptorFromKeyElement(XElement keyElement)
[13:19:40 ERR] An exception occurred while trying to decrypt the element.
System.Security.Cryptography.CryptographicException: Error occurred during a cryptographic operation.
   at Microsoft.AspNetCore.DataProtection.Cng.DpapiSecretSerializerHelper.UnprotectWithDpapiCore(Byte* pbProtectedData, UInt32 cbProtectedData, Byte* pbOptionalEntropy, UInt32 cbOptionalEntropy)
   at Microsoft.AspNetCore.DataProtection.Cng.DpapiSecretSerializerHelper.UnprotectWithDpapi(Byte[] protectedSecret)
   at Microsoft.AspNetCore.DataProtection.XmlEncryption.DpapiXmlDecryptor.Decrypt(XElement encryptedElement)
[13:19:41 ERR] An exception occurred while processing the key element '<key id="0ee0c546-5296-4fdd-a9a7-e87032336e35" version="1" />'.
System.Security.Cryptography.CryptographicException: Error occurred during a cryptographic operation.
   at Microsoft.AspNetCore.DataProtection.Cng.DpapiSecretSerializerHelper.UnprotectWithDpapiCore(Byte* pbProtectedData, UInt32 cbProtectedData, Byte* pbOptionalEntropy, UInt32 cbOptionalEntropy)
   at Microsoft.AspNetCore.DataProtection.Cng.DpapiSecretSerializerHelper.UnprotectWithDpapi(Byte[] protectedSecret)
   at Microsoft.AspNetCore.DataProtection.XmlEncryption.DpapiXmlDecryptor.Decrypt(XElement encryptedElement)
   at Microsoft.AspNetCore.DataProtection.XmlEncryption.XmlEncryptionExtensions.DecryptElement(XElement element, IActivator activator)
   at Microsoft.AspNetCore.DataProtection.KeyManagement.XmlKeyManager.Microsoft.AspNetCore.DataProtection.KeyManagement.Internal.IInternalXmlKeyManager.DeserializeDescriptorFromKeyElement(XElement keyElement)
[13:19:41 ERR] An exception occurred while trying to decrypt the element.
System.Security.Cryptography.CryptographicException: Error occurred during a cryptographic operation.
   at Microsoft.AspNetCore.DataProtection.Cng.DpapiSecretSerializerHelper.UnprotectWithDpapiCore(Byte* pbProtectedData, UInt32 cbProtectedData, Byte* pbOptionalEntropy, UInt32 cbOptionalEntropy)
   at Microsoft.AspNetCore.DataProtection.Cng.DpapiSecretSerializerHelper.UnprotectWithDpapi(Byte[] protectedSecret)
   at Microsoft.AspNetCore.DataProtection.XmlEncryption.DpapiXmlDecryptor.Decrypt(XElement encryptedElement)
[13:19:41 ERR] An exception occurred while processing the key element '<key id="0ee0c546-5296-4fdd-a9a7-e87032336e35" version="1" />'.
System.Security.Cryptography.CryptographicException: Error occurred during a cryptographic operation.
   at Microsoft.AspNetCore.DataProtection.Cng.DpapiSecretSerializerHelper.UnprotectWithDpapiCore(Byte* pbProtectedData, UInt32 cbProtectedData, Byte* pbOptionalEntropy, UInt32 cbOptionalEntropy)
   at Microsoft.AspNetCore.DataProtection.Cng.DpapiSecretSerializerHelper.UnprotectWithDpapi(Byte[] protectedSecret)
   at Microsoft.AspNetCore.DataProtection.XmlEncryption.DpapiXmlDecryptor.Decrypt(XElement encryptedElement)
   at Microsoft.AspNetCore.DataProtection.XmlEncryption.XmlEncryptionExtensions.DecryptElement(XElement element, IActivator activator)
   at Microsoft.AspNetCore.DataProtection.KeyManagement.XmlKeyManager.Microsoft.AspNetCore.DataProtection.KeyManagement.Internal.IInternalXmlKeyManager.DeserializeDescriptorFromKeyElement(XElement keyElement)
[13:19:41 ERR] An exception occurred while trying to decrypt the element.
System.Security.Cryptography.CryptographicException: Error occurred during a cryptographic operation.
   at Microsoft.AspNetCore.DataProtection.Cng.DpapiSecretSerializerHelper.UnprotectWithDpapiCore(Byte* pbProtectedData, UInt32 cbProtectedData, Byte* pbOptionalEntropy, UInt32 cbOptionalEntropy)
   at Microsoft.AspNetCore.DataProtection.Cng.DpapiSecretSerializerHelper.UnprotectWithDpapi(Byte[] protectedSecret)
   at Microsoft.AspNetCore.DataProtection.XmlEncryption.DpapiXmlDecryptor.Decrypt(XElement encryptedElement)
[13:19:41 ERR] An exception occurred while processing the key element '<key id="0ee0c546-5296-4fdd-a9a7-e87032336e35" version="1" />'.
System.Security.Cryptography.CryptographicException: Error occurred during a cryptographic operation.
   at Microsoft.AspNetCore.DataProtection.Cng.DpapiSecretSerializerHelper.UnprotectWithDpapiCore(Byte* pbProtectedData, UInt32 cbProtectedData, Byte* pbOptionalEntropy, UInt32 cbOptionalEntropy)
   at Microsoft.AspNetCore.DataProtection.Cng.DpapiSecretSerializerHelper.UnprotectWithDpapi(Byte[] protectedSecret)
   at Microsoft.AspNetCore.DataProtection.XmlEncryption.DpapiXmlDecryptor.Decrypt(XElement encryptedElement)
   at Microsoft.AspNetCore.DataProtection.XmlEncryption.XmlEncryptionExtensions.DecryptElement(XElement element, IActivator activator)
   at Microsoft.AspNetCore.DataProtection.KeyManagement.XmlKeyManager.Microsoft.AspNetCore.DataProtection.KeyManagement.Internal.IInternalXmlKeyManager.DeserializeDescriptorFromKeyElement(XElement keyElement)
[13:19:41 ERR] An exception occurred while trying to decrypt the element.
System.Security.Cryptography.CryptographicException: Error occurred during a cryptographic operation.
   at Microsoft.AspNetCore.DataProtection.Cng.DpapiSecretSerializerHelper.UnprotectWithDpapiCore(Byte* pbProtectedData, UInt32 cbProtectedData, Byte* pbOptionalEntropy, UInt32 cbOptionalEntropy)
   at Microsoft.AspNetCore.DataProtection.Cng.DpapiSecretSerializerHelper.UnprotectWithDpapi(Byte[] protectedSecret)
   at Microsoft.AspNetCore.DataProtection.XmlEncryption.DpapiXmlDecryptor.Decrypt(XElement encryptedElement)
[13:19:41 ERR] An exception occurred while processing the key element '<key id="0ee0c546-5296-4fdd-a9a7-e87032336e35" version="1" />'.
System.Security.Cryptography.CryptographicException: Error occurred during a cryptographic operation.
   at Microsoft.AspNetCore.DataProtection.Cng.DpapiSecretSerializerHelper.UnprotectWithDpapiCore(Byte* pbProtectedData, UInt32 cbProtectedData, Byte* pbOptionalEntropy, UInt32 cbOptionalEntropy)
   at Microsoft.AspNetCore.DataProtection.Cng.DpapiSecretSerializerHelper.UnprotectWithDpapi(Byte[] protectedSecret)
   at Microsoft.AspNetCore.DataProtection.XmlEncryption.DpapiXmlDecryptor.Decrypt(XElement encryptedElement)
   at Microsoft.AspNetCore.DataProtection.XmlEncryption.XmlEncryptionExtensions.DecryptElement(XElement element, IActivator activator)
   at Microsoft.AspNetCore.DataProtection.KeyManagement.XmlKeyManager.Microsoft.AspNetCore.DataProtection.KeyManagement.Internal.IInternalXmlKeyManager.DeserializeDescriptorFromKeyElement(XElement keyElement)
[13:19:41 ERR] An exception occurred while trying to decrypt the element.
System.Security.Cryptography.CryptographicException: Error occurred during a cryptographic operation.
   at Microsoft.AspNetCore.DataProtection.Cng.DpapiSecretSerializerHelper.UnprotectWithDpapiCore(Byte* pbProtectedData, UInt32 cbProtectedData, Byte* pbOptionalEntropy, UInt32 cbOptionalEntropy)
   at Microsoft.AspNetCore.DataProtection.Cng.DpapiSecretSerializerHelper.UnprotectWithDpapi(Byte[] protectedSecret)
   at Microsoft.AspNetCore.DataProtection.XmlEncryption.DpapiXmlDecryptor.Decrypt(XElement encryptedElement)
[13:19:41 ERR] An exception occurred while processing the key element '<key id="0ee0c546-5296-4fdd-a9a7-e87032336e35" version="1" />'.
System.Security.Cryptography.CryptographicException: Error occurred during a cryptographic operation.
   at Microsoft.AspNetCore.DataProtection.Cng.DpapiSecretSerializerHelper.UnprotectWithDpapiCore(Byte* pbProtectedData, UInt32 cbProtectedData, Byte* pbOptionalEntropy, UInt32 cbOptionalEntropy)
   at Microsoft.AspNetCore.DataProtection.Cng.DpapiSecretSerializerHelper.UnprotectWithDpapi(Byte[] protectedSecret)
   at Microsoft.AspNetCore.DataProtection.XmlEncryption.DpapiXmlDecryptor.Decrypt(XElement encryptedElement)
   at Microsoft.AspNetCore.DataProtection.XmlEncryption.XmlEncryptionExtensions.DecryptElement(XElement element, IActivator activator)
   at Microsoft.AspNetCore.DataProtection.KeyManagement.XmlKeyManager.Microsoft.AspNetCore.DataProtection.KeyManagement.Internal.IInternalXmlKeyManager.DeserializeDescriptorFromKeyElement(XElement keyElement)
[13:19:42 ERR] An exception occurred while trying to decrypt the element.
System.Security.Cryptography.CryptographicException: Error occurred during a cryptographic operation.
   at Microsoft.AspNetCore.DataProtection.Cng.DpapiSecretSerializerHelper.UnprotectWithDpapiCore(Byte* pbProtectedData, UInt32 cbProtectedData, Byte* pbOptionalEntropy, UInt32 cbOptionalEntropy)
   at Microsoft.AspNetCore.DataProtection.Cng.DpapiSecretSerializerHelper.UnprotectWithDpapi(Byte[] protectedSecret)
   at Microsoft.AspNetCore.DataProtection.XmlEncryption.DpapiXmlDecryptor.Decrypt(XElement encryptedElement)
[13:19:42 ERR] An exception occurred while processing the key element '<key id="0ee0c546-5296-4fdd-a9a7-e87032336e35" version="1" />'.
System.Security.Cryptography.CryptographicException: Error occurred during a cryptographic operation.
   at Microsoft.AspNetCore.DataProtection.Cng.DpapiSecretSerializerHelper.UnprotectWithDpapiCore(Byte* pbProtectedData, UInt32 cbProtectedData, Byte* pbOptionalEntropy, UInt32 cbOptionalEntropy)
   at Microsoft.AspNetCore.DataProtection.Cng.DpapiSecretSerializerHelper.UnprotectWithDpapi(Byte[] protectedSecret)
   at Microsoft.AspNetCore.DataProtection.XmlEncryption.DpapiXmlDecryptor.Decrypt(XElement encryptedElement)
   at Microsoft.AspNetCore.DataProtection.XmlEncryption.XmlEncryptionExtensions.DecryptElement(XElement element, IActivator activator)
   at Microsoft.AspNetCore.DataProtection.KeyManagement.XmlKeyManager.Microsoft.AspNetCore.DataProtection.KeyManagement.Internal.IInternalXmlKeyManager.DeserializeDescriptorFromKeyElement(XElement keyElement)
[13:19:42 ERR] An exception occurred while trying to decrypt the element.
System.Security.Cryptography.CryptographicException: Error occurred during a cryptographic operation.
   at Microsoft.AspNetCore.DataProtection.Cng.DpapiSecretSerializerHelper.UnprotectWithDpapiCore(Byte* pbProtectedData, UInt32 cbProtectedData, Byte* pbOptionalEntropy, UInt32 cbOptionalEntropy)
   at Microsoft.AspNetCore.DataProtection.Cng.DpapiSecretSerializerHelper.UnprotectWithDpapi(Byte[] protectedSecret)
   at Microsoft.AspNetCore.DataProtection.XmlEncryption.DpapiXmlDecryptor.Decrypt(XElement encryptedElement)
[13:19:42 ERR] An exception occurred while processing the key element '<key id="0ee0c546-5296-4fdd-a9a7-e87032336e35" version="1" />'.
System.Security.Cryptography.CryptographicException: Error occurred during a cryptographic operation.
   at Microsoft.AspNetCore.DataProtection.Cng.DpapiSecretSerializerHelper.UnprotectWithDpapiCore(Byte* pbProtectedData, UInt32 cbProtectedData, Byte* pbOptionalEntropy, UInt32 cbOptionalEntropy)
   at Microsoft.AspNetCore.DataProtection.Cng.DpapiSecretSerializerHelper.UnprotectWithDpapi(Byte[] protectedSecret)
   at Microsoft.AspNetCore.DataProtection.XmlEncryption.DpapiXmlDecryptor.Decrypt(XElement encryptedElement)
   at Microsoft.AspNetCore.DataProtection.XmlEncryption.XmlEncryptionExtensions.DecryptElement(XElement element, IActivator activator)
   at Microsoft.AspNetCore.DataProtection.KeyManagement.XmlKeyManager.Microsoft.AspNetCore.DataProtection.KeyManagement.Internal.IInternalXmlKeyManager.DeserializeDescriptorFromKeyElement(XElement keyElement)
[13:19:42 ERR] An exception occurred while trying to decrypt the element.
System.Security.Cryptography.CryptographicException: Error occurred during a cryptographic operation.
   at Microsoft.AspNetCore.DataProtection.Cng.DpapiSecretSerializerHelper.UnprotectWithDpapiCore(Byte* pbProtectedData, UInt32 cbProtectedData, Byte* pbOptionalEntropy, UInt32 cbOptionalEntropy)
   at Microsoft.AspNetCore.DataProtection.Cng.DpapiSecretSerializerHelper.UnprotectWithDpapi(Byte[] protectedSecret)
   at Microsoft.AspNetCore.DataProtection.XmlEncryption.DpapiXmlDecryptor.Decrypt(XElement encryptedElement)
[13:19:42 ERR] An exception occurred while processing the key element '<key id="0ee0c546-5296-4fdd-a9a7-e87032336e35" version="1" />'.
System.Security.Cryptography.CryptographicException: Error occurred during a cryptographic operation.
   at Microsoft.AspNetCore.DataProtection.Cng.DpapiSecretSerializerHelper.UnprotectWithDpapiCore(Byte* pbProtectedData, UInt32 cbProtectedData, Byte* pbOptionalEntropy, UInt32 cbOptionalEntropy)
   at Microsoft.AspNetCore.DataProtection.Cng.DpapiSecretSerializerHelper.UnprotectWithDpapi(Byte[] protectedSecret)
   at Microsoft.AspNetCore.DataProtection.XmlEncryption.DpapiXmlDecryptor.Decrypt(XElement encryptedElement)
   at Microsoft.AspNetCore.DataProtection.XmlEncryption.XmlEncryptionExtensions.DecryptElement(XElement element, IActivator activator)
   at Microsoft.AspNetCore.DataProtection.KeyManagement.XmlKeyManager.Microsoft.AspNetCore.DataProtection.KeyManagement.Internal.IInternalXmlKeyManager.DeserializeDescriptorFromKeyElement(XElement keyElement)
[13:19:42 ERR] An exception occurred while trying to decrypt the element.
System.Security.Cryptography.CryptographicException: Error occurred during a cryptographic operation.
   at Microsoft.AspNetCore.DataProtection.Cng.DpapiSecretSerializerHelper.UnprotectWithDpapiCore(Byte* pbProtectedData, UInt32 cbProtectedData, Byte* pbOptionalEntropy, UInt32 cbOptionalEntropy)
   at Microsoft.AspNetCore.DataProtection.Cng.DpapiSecretSerializerHelper.UnprotectWithDpapi(Byte[] protectedSecret)
   at Microsoft.AspNetCore.DataProtection.XmlEncryption.DpapiXmlDecryptor.Decrypt(XElement encryptedElement)
[13:19:42 ERR] An exception occurred while processing the key element '<key id="0ee0c546-5296-4fdd-a9a7-e87032336e35" version="1" />'.
System.Security.Cryptography.CryptographicException: Error occurred during a cryptographic operation.
   at Microsoft.AspNetCore.DataProtection.Cng.DpapiSecretSerializerHelper.UnprotectWithDpapiCore(Byte* pbProtectedData, UInt32 cbProtectedData, Byte* pbOptionalEntropy, UInt32 cbOptionalEntropy)
   at Microsoft.AspNetCore.DataProtection.Cng.DpapiSecretSerializerHelper.UnprotectWithDpapi(Byte[] protectedSecret)
   at Microsoft.AspNetCore.DataProtection.XmlEncryption.DpapiXmlDecryptor.Decrypt(XElement encryptedElement)
   at Microsoft.AspNetCore.DataProtection.XmlEncryption.XmlEncryptionExtensions.DecryptElement(XElement element, IActivator activator)
   at Microsoft.AspNetCore.DataProtection.KeyManagement.XmlKeyManager.Microsoft.AspNetCore.DataProtection.KeyManagement.Internal.IInternalXmlKeyManager.DeserializeDescriptorFromKeyElement(XElement keyElement)
[13:19:42 WRN] Key {0ee0c546-5296-4fdd-a9a7-e87032336e35} is ineligible to be the default key because its CreateEncryptor method failed after the maximum number of retries.
System.AggregateException: One or more errors occurred. (Error occurred during a cryptographic operation.) (Error occurred during a cryptographic operation.) (Error occurred during a cryptographic operation.) (Error occurred during a cryptographic operation.) (Error occurred during a cryptographic operation.) (Error occurred during a cryptographic operation.) (Error occurred during a cryptographic operation.) (Error occurred during a cryptographic operation.) (Error occurred during a cryptographic operation.) (Error occurred during a cryptographic operation.) (Error occurred during a cryptographic operation.)
 ---> System.Security.Cryptography.CryptographicException: Error occurred during a cryptographic operation.
   at Microsoft.AspNetCore.DataProtection.KeyManagement.Key.get_Descriptor()
   at Microsoft.AspNetCore.DataProtection.AuthenticatedEncryption.CngGcmAuthenticatedEncryptorFactory.CreateEncryptorInstance(IKey key)
   at Microsoft.AspNetCore.DataProtection.KeyManagement.Key.CreateEncryptor()
   at Microsoft.AspNetCore.DataProtection.KeyManagement.DefaultKeyResolver.CanCreateAuthenticatedEncryptor(IKey key, Int32& retriesRemaining)
   --- End of inner exception stack trace ---
 ---> (Inner Exception #1) System.Security.Cryptography.CryptographicException: Error occurred during a cryptographic operation.
   at Microsoft.AspNetCore.DataProtection.Cng.DpapiSecretSerializerHelper.UnprotectWithDpapiCore(Byte* pbProtectedData, UInt32 cbProtectedData, Byte* pbOptionalEntropy, UInt32 cbOptionalEntropy)
   at Microsoft.AspNetCore.DataProtection.Cng.DpapiSecretSerializerHelper.UnprotectWithDpapi(Byte[] protectedSecret)
   at Microsoft.AspNetCore.DataProtection.XmlEncryption.DpapiXmlDecryptor.Decrypt(XElement encryptedElement)
   at Microsoft.AspNetCore.DataProtection.XmlEncryption.XmlEncryptionExtensions.DecryptElement(XElement element, IActivator activator)
   at Microsoft.AspNetCore.DataProtection.KeyManagement.XmlKeyManager.Microsoft.AspNetCore.DataProtection.KeyManagement.Internal.IInternalXmlKeyManager.DeserializeDescriptorFromKeyElement(XElement keyElement)
   at Microsoft.AspNetCore.DataProtection.KeyManagement.Key.get_Descriptor()
   at Microsoft.AspNetCore.DataProtection.AuthenticatedEncryption.CngGcmAuthenticatedEncryptorFactory.CreateEncryptorInstance(IKey key)
   at Microsoft.AspNetCore.DataProtection.KeyManagement.Key.CreateEncryptor()
   at Microsoft.AspNetCore.DataProtection.KeyManagement.DefaultKeyResolver.CanCreateAuthenticatedEncryptor(IKey key, Int32& retriesRemaining)<---

 ---> (Inner Exception #2) System.Security.Cryptography.CryptographicException: Error occurred during a cryptographic operation.
   at Microsoft.AspNetCore.DataProtection.Cng.DpapiSecretSerializerHelper.UnprotectWithDpapiCore(Byte* pbProtectedData, UInt32 cbProtectedData, Byte* pbOptionalEntropy, UInt32 cbOptionalEntropy)
   at Microsoft.AspNetCore.DataProtection.Cng.DpapiSecretSerializerHelper.UnprotectWithDpapi(Byte[] protectedSecret)
   at Microsoft.AspNetCore.DataProtection.XmlEncryption.DpapiXmlDecryptor.Decrypt(XElement encryptedElement)
   at Microsoft.AspNetCore.DataProtection.XmlEncryption.XmlEncryptionExtensions.DecryptElement(XElement element, IActivator activator)
   at Microsoft.AspNetCore.DataProtection.KeyManagement.XmlKeyManager.Microsoft.AspNetCore.DataProtection.KeyManagement.Internal.IInternalXmlKeyManager.DeserializeDescriptorFromKeyElement(XElement keyElement)
   at Microsoft.AspNetCore.DataProtection.KeyManagement.Key.get_Descriptor()
   at Microsoft.AspNetCore.DataProtection.AuthenticatedEncryption.CngGcmAuthenticatedEncryptorFactory.CreateEncryptorInstance(IKey key)
   at Microsoft.AspNetCore.DataProtection.KeyManagement.Key.CreateEncryptor()
   at Microsoft.AspNetCore.DataProtection.KeyManagement.DefaultKeyResolver.CanCreateAuthenticatedEncryptor(IKey key, Int32& retriesRemaining)<---

 ---> (Inner Exception #3) System.Security.Cryptography.CryptographicException: Error occurred during a cryptographic operation.
   at Microsoft.AspNetCore.DataProtection.Cng.DpapiSecretSerializerHelper.UnprotectWithDpapiCore(Byte* pbProtectedData, UInt32 cbProtectedData, Byte* pbOptionalEntropy, UInt32 cbOptionalEntropy)
   at Microsoft.AspNetCore.DataProtection.Cng.DpapiSecretSerializerHelper.UnprotectWithDpapi(Byte[] protectedSecret)
   at Microsoft.AspNetCore.DataProtection.XmlEncryption.DpapiXmlDecryptor.Decrypt(XElement encryptedElement)
   at Microsoft.AspNetCore.DataProtection.XmlEncryption.XmlEncryptionExtensions.DecryptElement(XElement element, IActivator activator)
   at Microsoft.AspNetCore.DataProtection.KeyManagement.XmlKeyManager.Microsoft.AspNetCore.DataProtection.KeyManagement.Internal.IInternalXmlKeyManager.DeserializeDescriptorFromKeyElement(XElement keyElement)
   at Microsoft.AspNetCore.DataProtection.KeyManagement.Key.get_Descriptor()
   at Microsoft.AspNetCore.DataProtection.AuthenticatedEncryption.CngGcmAuthenticatedEncryptorFactory.CreateEncryptorInstance(IKey key)
   at Microsoft.AspNetCore.DataProtection.KeyManagement.Key.CreateEncryptor()
   at Microsoft.AspNetCore.DataProtection.KeyManagement.DefaultKeyResolver.CanCreateAuthenticatedEncryptor(IKey key, Int32& retriesRemaining)<---

 ---> (Inner Exception #4) System.Security.Cryptography.CryptographicException: Error occurred during a cryptographic operation.
   at Microsoft.AspNetCore.DataProtection.Cng.DpapiSecretSerializerHelper.UnprotectWithDpapiCore(Byte* pbProtectedData, UInt32 cbProtectedData, Byte* pbOptionalEntropy, UInt32 cbOptionalEntropy)
   at Microsoft.AspNetCore.DataProtection.Cng.DpapiSecretSerializerHelper.UnprotectWithDpapi(Byte[] protectedSecret)
   at Microsoft.AspNetCore.DataProtection.XmlEncryption.DpapiXmlDecryptor.Decrypt(XElement encryptedElement)
   at Microsoft.AspNetCore.DataProtection.XmlEncryption.XmlEncryptionExtensions.DecryptElement(XElement element, IActivator activator)
   at Microsoft.AspNetCore.DataProtection.KeyManagement.XmlKeyManager.Microsoft.AspNetCore.DataProtection.KeyManagement.Internal.IInternalXmlKeyManager.DeserializeDescriptorFromKeyElement(XElement keyElement)
   at Microsoft.AspNetCore.DataProtection.KeyManagement.Key.get_Descriptor()
   at Microsoft.AspNetCore.DataProtection.AuthenticatedEncryption.CngGcmAuthenticatedEncryptorFactory.CreateEncryptorInstance(IKey key)
   at Microsoft.AspNetCore.DataProtection.KeyManagement.Key.CreateEncryptor()
   at Microsoft.AspNetCore.DataProtection.KeyManagement.DefaultKeyResolver.CanCreateAuthenticatedEncryptor(IKey key, Int32& retriesRemaining)<---

 ---> (Inner Exception #5) System.Security.Cryptography.CryptographicException: Error occurred during a cryptographic operation.
   at Microsoft.AspNetCore.DataProtection.Cng.DpapiSecretSerializerHelper.UnprotectWithDpapiCore(Byte* pbProtectedData, UInt32 cbProtectedData, Byte* pbOptionalEntropy, UInt32 cbOptionalEntropy)
   at Microsoft.AspNetCore.DataProtection.Cng.DpapiSecretSerializerHelper.UnprotectWithDpapi(Byte[] protectedSecret)
   at Microsoft.AspNetCore.DataProtection.XmlEncryption.DpapiXmlDecryptor.Decrypt(XElement encryptedElement)
   at Microsoft.AspNetCore.DataProtection.XmlEncryption.XmlEncryptionExtensions.DecryptElement(XElement element, IActivator activator)
   at Microsoft.AspNetCore.DataProtection.KeyManagement.XmlKeyManager.Microsoft.AspNetCore.DataProtection.KeyManagement.Internal.IInternalXmlKeyManager.DeserializeDescriptorFromKeyElement(XElement keyElement)
   at Microsoft.AspNetCore.DataProtection.KeyManagement.Key.get_Descriptor()
   at Microsoft.AspNetCore.DataProtection.AuthenticatedEncryption.CngGcmAuthenticatedEncryptorFactory.CreateEncryptorInstance(IKey key)
   at Microsoft.AspNetCore.DataProtection.KeyManagement.Key.CreateEncryptor()
   at Microsoft.AspNetCore.DataProtection.KeyManagement.DefaultKeyResolver.CanCreateAuthenticatedEncryptor(IKey key, Int32& retriesRemaining)<---

 ---> (Inner Exception #6) System.Security.Cryptography.CryptographicException: Error occurred during a cryptographic operation.
   at Microsoft.AspNetCore.DataProtection.Cng.DpapiSecretSerializerHelper.UnprotectWithDpapiCore(Byte* pbProtectedData, UInt32 cbProtectedData, Byte* pbOptionalEntropy, UInt32 cbOptionalEntropy)
   at Microsoft.AspNetCore.DataProtection.Cng.DpapiSecretSerializerHelper.UnprotectWithDpapi(Byte[] protectedSecret)
   at Microsoft.AspNetCore.DataProtection.XmlEncryption.DpapiXmlDecryptor.Decrypt(XElement encryptedElement)
   at Microsoft.AspNetCore.DataProtection.XmlEncryption.XmlEncryptionExtensions.DecryptElement(XElement element, IActivator activator)
   at Microsoft.AspNetCore.DataProtection.KeyManagement.XmlKeyManager.Microsoft.AspNetCore.DataProtection.KeyManagement.Internal.IInternalXmlKeyManager.DeserializeDescriptorFromKeyElement(XElement keyElement)
   at Microsoft.AspNetCore.DataProtection.KeyManagement.Key.get_Descriptor()
   at Microsoft.AspNetCore.DataProtection.AuthenticatedEncryption.CngGcmAuthenticatedEncryptorFactory.CreateEncryptorInstance(IKey key)
   at Microsoft.AspNetCore.DataProtection.KeyManagement.Key.CreateEncryptor()
   at Microsoft.AspNetCore.DataProtection.KeyManagement.DefaultKeyResolver.CanCreateAuthenticatedEncryptor(IKey key, Int32& retriesRemaining)<---

 ---> (Inner Exception #7) System.Security.Cryptography.CryptographicException: Error occurred during a cryptographic operation.
   at Microsoft.AspNetCore.DataProtection.Cng.DpapiSecretSerializerHelper.UnprotectWithDpapiCore(Byte* pbProtectedData, UInt32 cbProtectedData, Byte* pbOptionalEntropy, UInt32 cbOptionalEntropy)
   at Microsoft.AspNetCore.DataProtection.Cng.DpapiSecretSerializerHelper.UnprotectWithDpapi(Byte[] protectedSecret)
   at Microsoft.AspNetCore.DataProtection.XmlEncryption.DpapiXmlDecryptor.Decrypt(XElement encryptedElement)
   at Microsoft.AspNetCore.DataProtection.XmlEncryption.XmlEncryptionExtensions.DecryptElement(XElement element, IActivator activator)
   at Microsoft.AspNetCore.DataProtection.KeyManagement.XmlKeyManager.Microsoft.AspNetCore.DataProtection.KeyManagement.Internal.IInternalXmlKeyManager.DeserializeDescriptorFromKeyElement(XElement keyElement)
   at Microsoft.AspNetCore.DataProtection.KeyManagement.Key.get_Descriptor()
   at Microsoft.AspNetCore.DataProtection.AuthenticatedEncryption.CngGcmAuthenticatedEncryptorFactory.CreateEncryptorInstance(IKey key)
   at Microsoft.AspNetCore.DataProtection.KeyManagement.Key.CreateEncryptor()
   at Microsoft.AspNetCore.DataProtection.KeyManagement.DefaultKeyResolver.CanCreateAuthenticatedEncryptor(IKey key, Int32& retriesRemaining)<---

 ---> (Inner Exception #8) System.Security.Cryptography.CryptographicException: Error occurred during a cryptographic operation.
   at Microsoft.AspNetCore.DataProtection.Cng.DpapiSecretSerializerHelper.UnprotectWithDpapiCore(Byte* pbProtectedData, UInt32 cbProtectedData, Byte* pbOptionalEntropy, UInt32 cbOptionalEntropy)
   at Microsoft.AspNetCore.DataProtection.Cng.DpapiSecretSerializerHelper.UnprotectWithDpapi(Byte[] protectedSecret)
   at Microsoft.AspNetCore.DataProtection.XmlEncryption.DpapiXmlDecryptor.Decrypt(XElement encryptedElement)
   at Microsoft.AspNetCore.DataProtection.XmlEncryption.XmlEncryptionExtensions.DecryptElement(XElement element, IActivator activator)
   at Microsoft.AspNetCore.DataProtection.KeyManagement.XmlKeyManager.Microsoft.AspNetCore.DataProtection.KeyManagement.Internal.IInternalXmlKeyManager.DeserializeDescriptorFromKeyElement(XElement keyElement)
   at Microsoft.AspNetCore.DataProtection.KeyManagement.Key.get_Descriptor()
   at Microsoft.AspNetCore.DataProtection.AuthenticatedEncryption.CngGcmAuthenticatedEncryptorFactory.CreateEncryptorInstance(IKey key)
   at Microsoft.AspNetCore.DataProtection.KeyManagement.Key.CreateEncryptor()
   at Microsoft.AspNetCore.DataProtection.KeyManagement.DefaultKeyResolver.CanCreateAuthenticatedEncryptor(IKey key, Int32& retriesRemaining)<---

 ---> (Inner Exception #9) System.Security.Cryptography.CryptographicException: Error occurred during a cryptographic operation.
   at Microsoft.AspNetCore.DataProtection.Cng.DpapiSecretSerializerHelper.UnprotectWithDpapiCore(Byte* pbProtectedData, UInt32 cbProtectedData, Byte* pbOptionalEntropy, UInt32 cbOptionalEntropy)
   at Microsoft.AspNetCore.DataProtection.Cng.DpapiSecretSerializerHelper.UnprotectWithDpapi(Byte[] protectedSecret)
   at Microsoft.AspNetCore.DataProtection.XmlEncryption.DpapiXmlDecryptor.Decrypt(XElement encryptedElement)
   at Microsoft.AspNetCore.DataProtection.XmlEncryption.XmlEncryptionExtensions.DecryptElement(XElement element, IActivator activator)
   at Microsoft.AspNetCore.DataProtection.KeyManagement.XmlKeyManager.Microsoft.AspNetCore.DataProtection.KeyManagement.Internal.IInternalXmlKeyManager.DeserializeDescriptorFromKeyElement(XElement keyElement)
   at Microsoft.AspNetCore.DataProtection.KeyManagement.Key.get_Descriptor()
   at Microsoft.AspNetCore.DataProtection.AuthenticatedEncryption.CngGcmAuthenticatedEncryptorFactory.CreateEncryptorInstance(IKey key)
   at Microsoft.AspNetCore.DataProtection.KeyManagement.Key.CreateEncryptor()
   at Microsoft.AspNetCore.DataProtection.KeyManagement.DefaultKeyResolver.CanCreateAuthenticatedEncryptor(IKey key, Int32& retriesRemaining)<---

 ---> (Inner Exception #10) System.Security.Cryptography.CryptographicException: Error occurred during a cryptographic operation.
   at Microsoft.AspNetCore.DataProtection.Cng.DpapiSecretSerializerHelper.UnprotectWithDpapiCore(Byte* pbProtectedData, UInt32 cbProtectedData, Byte* pbOptionalEntropy, UInt32 cbOptionalEntropy)
   at Microsoft.AspNetCore.DataProtection.Cng.DpapiSecretSerializerHelper.UnprotectWithDpapi(Byte[] protectedSecret)
   at Microsoft.AspNetCore.DataProtection.XmlEncryption.DpapiXmlDecryptor.Decrypt(XElement encryptedElement)
   at Microsoft.AspNetCore.DataProtection.XmlEncryption.XmlEncryptionExtensions.DecryptElement(XElement element, IActivator activator)
   at Microsoft.AspNetCore.DataProtection.KeyManagement.XmlKeyManager.Microsoft.AspNetCore.DataProtection.KeyManagement.Internal.IInternalXmlKeyManager.DeserializeDescriptorFromKeyElement(XElement keyElement)
   at Microsoft.AspNetCore.DataProtection.KeyManagement.Key.get_Descriptor()
   at Microsoft.AspNetCore.DataProtection.AuthenticatedEncryption.CngGcmAuthenticatedEncryptorFactory.CreateEncryptorInstance(IKey key)
   at Microsoft.AspNetCore.DataProtection.KeyManagement.Key.CreateEncryptor()
   at Microsoft.AspNetCore.DataProtection.KeyManagement.DefaultKeyResolver.CanCreateAuthenticatedEncryptor(IKey key, Int32& retriesRemaining)<---
[13:19:42 WRN] Key {26002aa5-29e4-46b6-9227-4cd72cab4886} is ineligible to be the default key because its CreateEncryptor method failed after the maximum number of retries.
System.Security.Cryptography.CryptographicException: Error occurred during a cryptographic operation.
   at Microsoft.AspNetCore.DataProtection.KeyManagement.Key.get_Descriptor()
   at Microsoft.AspNetCore.DataProtection.AuthenticatedEncryption.CngGcmAuthenticatedEncryptorFactory.CreateEncryptorInstance(IKey key)
   at Microsoft.AspNetCore.DataProtection.KeyManagement.Key.CreateEncryptor()
   at Microsoft.AspNetCore.DataProtection.KeyManagement.DefaultKeyResolver.CanCreateAuthenticatedEncryptor(IKey key, Int32& retriesRemaining)
[13:19:42 ERR] An error occurred while reading the key ring.
System.UnauthorizedAccessException: Access to the path 'C:\Users\OS\AppData\Local\ASP.NET\DataProtection-Keys\32066b5f-d9bb-4745-b3e4-fc7579702b8b.tmp' is denied.
   at Microsoft.Win32.SafeHandles.SafeFileHandle.CreateFile(String fullPath, FileMode mode, FileAccess access, FileShare share, FileOptions options)
   at Microsoft.Win32.SafeHandles.SafeFileHandle.Open(String fullPath, FileMode mode, FileAccess access, FileShare share, FileOptions options, Int64 preallocationSize, Nullable`1 unixCreateMode)
   at System.IO.Strategies.OSFileStreamStrategy..ctor(String path, FileMode mode, FileAccess access, FileShare share, FileOptions options, Int64 preallocationSize, Nullable`1 unixCreateMode)
   at System.IO.Strategies.FileStreamHelpers.ChooseStrategyCore(String path, FileMode mode, FileAccess access, FileShare share, FileOptions options, Int64 preallocationSize, Nullable`1 unixCreateMode)
   at System.IO.File.OpenWrite(String path)
   at Microsoft.AspNetCore.DataProtection.Repositories.FileSystemXmlRepository.StoreElementCore(XElement element, String filename)
   at Microsoft.AspNetCore.DataProtection.Repositories.FileSystemXmlRepository.StoreElement(XElement element, String friendlyName)
   at Microsoft.AspNetCore.DataProtection.KeyManagement.XmlKeyManager.Microsoft.AspNetCore.DataProtection.KeyManagement.Internal.IInternalXmlKeyManager.CreateNewKey(Guid keyId, DateTimeOffset creationDate, DateTimeOffset activationDate, DateTimeOffset expirationDate)
   at Microsoft.AspNetCore.DataProtection.KeyManagement.XmlKeyManager.CreateNewKey(DateTimeOffset activationDate, DateTimeOffset expirationDate)
   at Microsoft.AspNetCore.DataProtection.KeyManagement.KeyRingProvider.CreateCacheableKeyRingCore(DateTimeOffset now, IKey keyJustAdded)
   at Microsoft.AspNetCore.DataProtection.KeyManagement.KeyRingProvider.<GetCurrentKeyRingCoreNew>b__31_1(Object utcNowState)
   at System.Threading.Tasks.Task`1.InnerInvoke()
   at System.Threading.ExecutionContext.RunFromThreadPoolDispatchLoop(Thread threadPoolThread, ExecutionContext executionContext, ContextCallback callback, Object state)
--- End of stack trace from previous location ---
   at System.Threading.ExecutionContext.RunFromThreadPoolDispatchLoop(Thread threadPoolThread, ExecutionContext executionContext, ContextCallback callback, Object state)
   at System.Threading.Tasks.Task.ExecuteWithThreadLocal(Task& currentTaskSlot, Thread threadPoolThread)
--- End of stack trace from previous location ---
   at Microsoft.AspNetCore.DataProtection.KeyManagement.KeyRingProvider.GetKeyRingFromCompletedTaskUnsynchronized(Task`1 task, DateTime utcNow)
[13:19:42 ERR] An unhandled exception occurred. UserId: anonymous, RequestPath: /Account/Login, CorrelationId: unknown
System.Security.Cryptography.CryptographicException: An error occurred while trying to encrypt the provided data. Refer to the inner exception for more information.
 ---> System.UnauthorizedAccessException: Access to the path 'C:\Users\OS\AppData\Local\ASP.NET\DataProtection-Keys\32066b5f-d9bb-4745-b3e4-fc7579702b8b.tmp' is denied.
   at Microsoft.Win32.SafeHandles.SafeFileHandle.CreateFile(String fullPath, FileMode mode, FileAccess access, FileShare share, FileOptions options)
   at Microsoft.Win32.SafeHandles.SafeFileHandle.Open(String fullPath, FileMode mode, FileAccess access, FileShare share, FileOptions options, Int64 preallocationSize, Nullable`1 unixCreateMode)
   at System.IO.Strategies.OSFileStreamStrategy..ctor(String path, FileMode mode, FileAccess access, FileShare share, FileOptions options, Int64 preallocationSize, Nullable`1 unixCreateMode)
   at System.IO.Strategies.FileStreamHelpers.ChooseStrategyCore(String path, FileMode mode, FileAccess access, FileShare share, FileOptions options, Int64 preallocationSize, Nullable`1 unixCreateMode)
   at System.IO.File.OpenWrite(String path)
   at Microsoft.AspNetCore.DataProtection.Repositories.FileSystemXmlRepository.StoreElementCore(XElement element, String filename)
   at Microsoft.AspNetCore.DataProtection.Repositories.FileSystemXmlRepository.StoreElement(XElement element, String friendlyName)
   at Microsoft.AspNetCore.DataProtection.KeyManagement.XmlKeyManager.Microsoft.AspNetCore.DataProtection.KeyManagement.Internal.IInternalXmlKeyManager.CreateNewKey(Guid keyId, DateTimeOffset creationDate, DateTimeOffset activationDate, DateTimeOffset expirationDate)
   at Microsoft.AspNetCore.DataProtection.KeyManagement.XmlKeyManager.CreateNewKey(DateTimeOffset activationDate, DateTimeOffset expirationDate)
   at Microsoft.AspNetCore.DataProtection.KeyManagement.KeyRingProvider.CreateCacheableKeyRingCore(DateTimeOffset now, IKey keyJustAdded)
   at Microsoft.AspNetCore.DataProtection.KeyManagement.KeyRingProvider.<GetCurrentKeyRingCoreNew>b__31_1(Object utcNowState)
   at System.Threading.Tasks.Task`1.InnerInvoke()
   at System.Threading.ExecutionContext.RunFromThreadPoolDispatchLoop(Thread threadPoolThread, ExecutionContext executionContext, ContextCallback callback, Object state)
--- End of stack trace from previous location ---
   at System.Threading.ExecutionContext.RunFromThreadPoolDispatchLoop(Thread threadPoolThread, ExecutionContext executionContext, ContextCallback callback, Object state)
   at System.Threading.Tasks.Task.ExecuteWithThreadLocal(Task& currentTaskSlot, Thread threadPoolThread)
--- End of stack trace from previous location ---
   at Microsoft.AspNetCore.DataProtection.KeyManagement.KeyRingProvider.GetKeyRingFromCompletedTaskUnsynchronized(Task`1 task, DateTime utcNow)
   at Microsoft.AspNetCore.DataProtection.KeyManagement.KeyRingProvider.GetCurrentKeyRingCoreNew(DateTime utcNow, Boolean forceRefresh)
   at Microsoft.AspNetCore.DataProtection.KeyManagement.KeyRingBasedDataProtector.Protect(Byte[] plaintext)
   --- End of inner exception stack trace ---
   at Microsoft.AspNetCore.DataProtection.KeyManagement.KeyRingBasedDataProtector.Protect(Byte[] plaintext)
   at Microsoft.AspNetCore.Session.CookieProtection.Protect(IDataProtector protector, String data)
   at Microsoft.AspNetCore.Session.SessionMiddleware.Invoke(HttpContext context)
   at Microsoft.AspNetCore.Authorization.AuthorizationMiddleware.Invoke(HttpContext context)
   at Microsoft.AspNetCore.Authentication.AuthenticationMiddleware.Invoke(HttpContext context)
   at Microsoft.AspNetCore.Diagnostics.ExceptionHandlerMiddlewareImpl.<Invoke>g__Awaited|10_0(ExceptionHandlerMiddlewareImpl middleware, HttpContext context, Task task)
[13:19:42 ERR] HTTP POST /Account/Login responded 500 in 2168.2361 ms
