[17:44:08 INF] Executed DbCommand (20ms) [Parameters=[], CommandType='Text', CommandTimeout='30']
SELECT 1
[17:44:08 INF] Executed DbCommand (34ms) [Parameters=[], CommandType='Text', CommandTimeout='30']
DECLARE @result int;
EXEC @result = sp_getapplock @Resource = '__EFMigrationsLock', @LockOwner = 'Session', @LockMode = 'Exclusive';
SELECT @result
[17:44:09 INF] Executed DbCommand (17ms) [Parameters=[], CommandType='Text', CommandTimeout='30']
IF OBJECT_ID(N'[__EFMigrationsHistory]') IS NULL
BEGIN
    CREATE TABLE [__EFMigrationsHistory] (
        [MigrationId] nvarchar(150) NOT NULL,
        [ProductVersion] nvarchar(32) NOT NULL,
        CONSTRAINT [PK___EFMigrationsHistory] PRIMARY KEY ([MigrationId])
    );
END;
[17:44:09 INF] Executed DbCommand (1ms) [Parameters=[], CommandType='Text', CommandTimeout='30']
SELECT 1
[17:44:09 INF] Executed DbCommand (2ms) [Parameters=[], CommandType='Text', CommandTimeout='30']
SELECT OBJECT_ID(N'[__EFMigrationsHistory]');
[17:44:09 INF] Executed DbCommand (7ms) [Parameters=[], CommandType='Text', CommandTimeout='30']
SELECT [MigrationId], [ProductVersion]
FROM [__EFMigrationsHistory]
ORDER BY [MigrationId];
[17:44:09 INF] Executed DbCommand (9ms) [Parameters=[], CommandType='Text', CommandTimeout='30']
DECLARE @result int;
EXEC @result = sp_releaseapplock @Resource = '__EFMigrationsLock', @LockOwner = 'Session';
SELECT @result
[17:44:09 INF] Executed DbCommand (36ms) [Parameters=[], CommandType='Text', CommandTimeout='30']
IF OBJECT_ID(N'[ImportSessions]', N'U') IS NULL
BEGIN
    CREATE TABLE [ImportSessions] (
        [Id] uniqueidentifier NOT NULL CONSTRAINT [PK_ImportSessions] PRIMARY KEY DEFAULT NEWID(),
        [ProjectId] uniqueidentifier NOT NULL,
        [UserId] uniqueidentifier NOT NULL,
        [FileName] nvarchar(256) NOT NULL,
        [TotalRows] int NOT NULL CONSTRAINT [DF_ImportSessions_TotalRows] DEFAULT 0,
        [ImportedCount] int NOT NULL CONSTRAINT [DF_ImportSessions_ImportedCount] DEFAULT 0,
        [SkippedCount] int NOT NULL CONSTRAINT [DF_ImportSessions_SkippedCount] DEFAULT 0,
        [IsUndone] bit NOT NULL CONSTRAINT [DF_ImportSessions_IsUndone] DEFAULT 0,
        [CreatedAt] datetimeoffset NOT NULL CONSTRAINT [DF_ImportSessions_CreatedAt] DEFAULT SYSDATETIMEOFFSET(),
        [UpdatedAt] datetimeoffset NULL
    );
END;

IF OBJECT_ID(N'[ProjectLabels]', N'U') IS NULL
BEGIN
    CREATE TABLE [ProjectLabels] (
        [Id] uniqueidentifier NOT NULL CONSTRAINT [PK_ProjectLabels] PRIMARY KEY DEFAULT NEWID(),
        [Color] nvarchar(20) NOT NULL CONSTRAINT [DF_ProjectLabels_Color] DEFAULT N'#64748B',
        [Name] nvarchar(80) NOT NULL,
        [ProjectId] uniqueidentifier NOT NULL,
        [CreatedAt] datetimeoffset NOT NULL CONSTRAINT [DF_ProjectLabels_CreatedAt] DEFAULT SYSDATETIMEOFFSET(),
        [UpdatedAt] datetimeoffset NULL
    );
    CREATE UNIQUE INDEX [IX_ProjectLabels_ProjectId_Name] ON [ProjectLabels]([ProjectId], [Name]);
    ALTER TABLE [ProjectLabels] ADD CONSTRAINT [FK_ProjectLabels_Projects_ProjectId] FOREIGN KEY ([ProjectId]) REFERENCES [Projects]([Id]) ON DELETE CASCADE;
END;

IF OBJECT_ID(N'[TaskAssignments]', N'U') IS NULL
BEGIN
    CREATE TABLE [TaskAssignments] (
        [Id] uniqueidentifier NOT NULL CONSTRAINT [PK_TaskAssignments] PRIMARY KEY DEFAULT NEWID(),
        [TaskItemId] uniqueidentifier NOT NULL,
        [UserId] uniqueidentifier NOT NULL,
        [CreatedAt] datetimeoffset NOT NULL CONSTRAINT [DF_TaskAssignments_CreatedAt] DEFAULT SYSDATETIMEOFFSET(),
        [UpdatedAt] datetimeoffset NULL
    );
    CREATE INDEX [IX_TaskAssignments_UserId] ON [TaskAssignments]([UserId]);
    CREATE UNIQUE INDEX [IX_TaskAssignments_TaskItemId_UserId] ON [TaskAssignments]([TaskItemId], [UserId]);
    ALTER TABLE [TaskAssignments] ADD CONSTRAINT [FK_TaskAssignments_TaskItems_TaskItemId] FOREIGN KEY ([TaskItemId]) REFERENCES [TaskItems]([Id]) ON DELETE CASCADE;
    ALTER TABLE [TaskAssignments] ADD CONSTRAINT [FK_TaskAssignments_Users_UserId] FOREIGN KEY ([UserId]) REFERENCES [Users]([Id]) ON DELETE NO ACTION;
END;

IF OBJECT_ID(N'[TaskLabels]', N'U') IS NULL
BEGIN
    CREATE TABLE [TaskLabels] (
        [Id] uniqueidentifier NOT NULL CONSTRAINT [PK_TaskLabels] PRIMARY KEY DEFAULT NEWID(),
        [ProjectLabelId] uniqueidentifier NOT NULL,
        [TaskItemId] uniqueidentifier NOT NULL,
        [CreatedAt] datetimeoffset NOT NULL CONSTRAINT [DF_TaskLabels_CreatedAt] DEFAULT SYSDATETIMEOFFSET(),
        [UpdatedAt] datetimeoffset NULL
    );
    CREATE INDEX [IX_TaskLabels_ProjectLabelId] ON [TaskLabels]([ProjectLabelId]);
    CREATE UNIQUE INDEX [IX_TaskLabels_TaskItemId_ProjectLabelId] ON [TaskLabels]([TaskItemId], [ProjectLabelId]);
    ALTER TABLE [TaskLabels] ADD CONSTRAINT [FK_TaskLabels_ProjectLabels_ProjectLabelId] FOREIGN KEY ([ProjectLabelId]) REFERENCES [ProjectLabels]([Id]) ON DELETE NO ACTION;
    ALTER TABLE [TaskLabels] ADD CONSTRAINT [FK_TaskLabels_TaskItems_TaskItemId] FOREIGN KEY ([TaskItemId]) REFERENCES [TaskItems]([Id]) ON DELETE CASCADE;
END;

IF OBJECT_ID(N'[Votes]', N'U') IS NULL
BEGIN
    CREATE TABLE [Votes] (
        [Id] uniqueidentifier NOT NULL CONSTRAINT [PK_Votes] PRIMARY KEY DEFAULT NEWID(),
        [TargetId] uniqueidentifier NOT NULL,
        [TargetType] nvarchar(20) NOT NULL,
        [UserId] uniqueidentifier NOT NULL,
        [Value] int NOT NULL,
        [CreatedAt] datetimeoffset NOT NULL CONSTRAINT [DF_Votes_CreatedAt] DEFAULT SYSDATETIMEOFFSET(),
        [UpdatedAt] datetimeoffset NULL
    );
    CREATE INDEX [IX_Votes_UserId] ON [Votes]([UserId]);
    CREATE INDEX [IX_Votes_TargetType_TargetId] ON [Votes]([TargetType], [TargetId]);
    CREATE UNIQUE INDEX [IX_Votes_TargetType_TargetId_UserId] ON [Votes]([TargetType], [TargetId], [UserId]);
    ALTER TABLE [Votes] ADD CONSTRAINT [FK_Votes_Users_UserId] FOREIGN KEY ([UserId]) REFERENCES [Users]([Id]) ON DELETE CASCADE;
END;

IF COL_LENGTH(N'[TaskItems]', N'ImportSessionId') IS NULL
BEGIN
    ALTER TABLE [TaskItems] ADD [ImportSessionId] uniqueidentifier NULL;
END;

IF COL_LENGTH(N'[Projects]', N'Code') IS NULL
BEGIN
    ALTER TABLE [Projects] ADD [Code] nvarchar(80) NOT NULL CONSTRAINT [DF_Projects_Code] DEFAULT N'';
END;

IF COL_LENGTH(N'[Projects]', N'LogoUrl') IS NULL
BEGIN
    ALTER TABLE [Projects] ADD [LogoUrl] nvarchar(1000) NULL;
END;

IF COL_LENGTH(N'[TaskItems]', N'IsPinned') IS NULL
BEGIN
    ALTER TABLE [TaskItems] ADD [IsPinned] bit NOT NULL CONSTRAINT [DF_TaskItems_IsPinned] DEFAULT 0;
END;

IF COL_LENGTH(N'[TaskItems]', N'ContributesToProgress') IS NULL
BEGIN
    ALTER TABLE [TaskItems] ADD [ContributesToProgress] bit NOT NULL CONSTRAINT [DF_TaskItems_ContributesToProgress] DEFAULT 1;
END;

IF COL_LENGTH(N'[TaskItems]', N'UpvoteCount') IS NULL
BEGIN
    ALTER TABLE [TaskItems] ADD [UpvoteCount] int NOT NULL CONSTRAINT [DF_TaskItems_UpvoteCount] DEFAULT 0;
END;

IF COL_LENGTH(N'[TaskItems]', N'DownvoteCount') IS NULL
BEGIN
    ALTER TABLE [TaskItems] ADD [DownvoteCount] int NOT NULL CONSTRAINT [DF_TaskItems_DownvoteCount] DEFAULT 0;
END;

IF COL_LENGTH(N'[TaskComments]', N'ParentCommentId') IS NULL
BEGIN
    ALTER TABLE [TaskComments] ADD [ParentCommentId] uniqueidentifier NULL;
END;

IF COL_LENGTH(N'[TaskComments]', N'UpvoteCount') IS NULL
BEGIN
    ALTER TABLE [TaskComments] ADD [UpvoteCount] int NOT NULL CONSTRAINT [DF_TaskComments_UpvoteCount] DEFAULT 0;
END;

IF COL_LENGTH(N'[TaskComments]', N'DownvoteCount') IS NULL
BEGIN
    ALTER TABLE [TaskComments] ADD [DownvoteCount] int NOT NULL CONSTRAINT [DF_TaskComments_DownvoteCount] DEFAULT 0;
END;

IF COL_LENGTH(N'[TaskAttachments]', N'ProjectId') IS NULL
BEGIN
    ALTER TABLE [TaskAttachments] ADD [ProjectId] uniqueidentifier NULL;
END;

IF COL_LENGTH(N'[TaskAttachments]', N'CommentId') IS NULL
BEGIN
    ALTER TABLE [TaskAttachments] ADD [CommentId] uniqueidentifier NULL;
END;

IF COL_LENGTH(N'[TaskAttachments]', N'Scope') IS NULL
BEGIN
    ALTER TABLE [TaskAttachments] ADD [Scope] nvarchar(20) NOT NULL CONSTRAINT [DF_TaskAttachments_Scope] DEFAULT N'Task';
END;

IF NOT EXISTS (
    SELECT 1
    FROM sys.foreign_keys
    WHERE name = N'FK_ImportSessions_Projects_ProjectId'
)
BEGIN
    ALTER TABLE [ImportSessions]
        ADD CONSTRAINT [FK_ImportSessions_Projects_ProjectId]
        FOREIGN KEY ([ProjectId]) REFERENCES [Projects]([Id]) ON DELETE CASCADE;
END;

IF NOT EXISTS (
    SELECT 1
    FROM sys.foreign_keys
    WHERE name = N'FK_ImportSessions_Users_UserId'
)
BEGIN
    ALTER TABLE [ImportSessions]
        ADD CONSTRAINT [FK_ImportSessions_Users_UserId]
        FOREIGN KEY ([UserId]) REFERENCES [Users]([Id]) ON DELETE NO ACTION;
END;

IF NOT EXISTS (
    SELECT 1
    FROM sys.foreign_keys
    WHERE name = N'FK_TaskItems_ImportSessions_ImportSessionId'
)
BEGIN
    ALTER TABLE [TaskItems]
        ADD CONSTRAINT [FK_TaskItems_ImportSessions_ImportSessionId]
        FOREIGN KEY ([ImportSessionId]) REFERENCES [ImportSessions]([Id]) ON DELETE NO ACTION;
END;

IF NOT EXISTS (
    SELECT 1
    FROM sys.indexes
    WHERE name = N'IX_ImportSessions_ProjectId'
      AND object_id = OBJECT_ID(N'[ImportSessions]')
)
BEGIN
    CREATE INDEX [IX_ImportSessions_ProjectId] ON [ImportSessions]([ProjectId]);
END;

IF NOT EXISTS (
    SELECT 1
    FROM sys.indexes
    WHERE name = N'IX_ImportSessions_UserId'
      AND object_id = OBJECT_ID(N'[ImportSessions]')
)
BEGIN
    CREATE INDEX [IX_ImportSessions_UserId] ON [ImportSessions]([UserId]);
END;

IF NOT EXISTS (
    SELECT 1
    FROM sys.indexes
    WHERE name = N'IX_TaskItems_ImportSessionId'
      AND object_id = OBJECT_ID(N'[TaskItems]')
)
BEGIN
    CREATE INDEX [IX_TaskItems_ImportSessionId] ON [TaskItems]([ImportSessionId]);
END;

IF NOT EXISTS (
    SELECT 1
    FROM sys.indexes
    WHERE name = N'IX_Projects_Code'
      AND object_id = OBJECT_ID(N'[Projects]')
)
BEGIN
    CREATE UNIQUE INDEX [IX_Projects_Code] ON [Projects]([Code]);
END;
[17:44:09 INF] Executed DbCommand (38ms) [Parameters=[], CommandType='Text', CommandTimeout='30']
IF COL_LENGTH(N'[ProjectMembers]', N'CanViewProjectTimeline') IS NULL
BEGIN
    ALTER TABLE [ProjectMembers] ADD [CanViewProjectTimeline] bit NOT NULL CONSTRAINT [DF_ProjectMembers_CanViewProjectTimeline] DEFAULT 0;
END;

IF COL_LENGTH(N'[ProjectMembers]', N'CanViewTaskRisk') IS NULL
BEGIN
    ALTER TABLE [ProjectMembers] ADD [CanViewTaskRisk] bit NOT NULL CONSTRAINT [DF_ProjectMembers_CanViewTaskRisk] DEFAULT 0;
END;

IF COL_LENGTH(N'[ProjectMembers]', N'CanNudgeAssignee') IS NULL
BEGIN
    ALTER TABLE [ProjectMembers] ADD [CanNudgeAssignee] bit NOT NULL CONSTRAINT [DF_ProjectMembers_CanNudgeAssignee] DEFAULT 0;
END;

IF COL_LENGTH(N'[ProjectMembers]', N'CanViewUnseenTaskSignal') IS NULL
BEGIN
    ALTER TABLE [ProjectMembers] ADD [CanViewUnseenTaskSignal] bit NOT NULL CONSTRAINT [DF_ProjectMembers_CanViewUnseenTaskSignal] DEFAULT 0;
END;

IF COL_LENGTH(N'[TaskAssignments]', N'AssignedAt') IS NULL
BEGIN
    ALTER TABLE [TaskAssignments] ADD [AssignedAt] datetimeoffset NOT NULL CONSTRAINT [DF_TaskAssignments_AssignedAt] DEFAULT SYSDATETIMEOFFSET();
END;

IF COL_LENGTH(N'[TaskAssignments]', N'AssignedByUserId') IS NULL
BEGIN
    ALTER TABLE [TaskAssignments] ADD [AssignedByUserId] uniqueidentifier NULL;
END;

IF OBJECT_ID(N'[TaskViewEvents]', N'U') IS NULL
BEGIN
    CREATE TABLE [TaskViewEvents] (
        [Id] uniqueidentifier NOT NULL CONSTRAINT [PK_TaskViewEvents] PRIMARY KEY DEFAULT NEWID(),
        [TaskItemId] uniqueidentifier NOT NULL,
        [UserId] uniqueidentifier NOT NULL,
        [ViewedAt] datetimeoffset NOT NULL CONSTRAINT [DF_TaskViewEvents_ViewedAt] DEFAULT SYSDATETIMEOFFSET(),
        [ViewCount] int NOT NULL CONSTRAINT [DF_TaskViewEvents_ViewCount] DEFAULT 1,
        [CreatedAt] datetimeoffset NOT NULL CONSTRAINT [DF_TaskViewEvents_CreatedAt] DEFAULT SYSDATETIMEOFFSET(),
        [UpdatedAt] datetimeoffset NULL
    );
END;

IF NOT EXISTS (SELECT 1 FROM sys.indexes WHERE name = N'IX_TaskViewEvents_TaskItemId_UserId' AND object_id = OBJECT_ID(N'[TaskViewEvents]'))
BEGIN
    CREATE UNIQUE INDEX [IX_TaskViewEvents_TaskItemId_UserId] ON [TaskViewEvents]([TaskItemId], [UserId]);
END;

IF NOT EXISTS (SELECT 1 FROM sys.indexes WHERE name = N'IX_TaskViewEvents_ViewedAt' AND object_id = OBJECT_ID(N'[TaskViewEvents]'))
BEGIN
    CREATE INDEX [IX_TaskViewEvents_ViewedAt] ON [TaskViewEvents]([ViewedAt]);
END;

IF NOT EXISTS (SELECT 1 FROM sys.foreign_keys WHERE name = N'FK_TaskViewEvents_TaskItems_TaskItemId')
BEGIN
    ALTER TABLE [TaskViewEvents]
        ADD CONSTRAINT [FK_TaskViewEvents_TaskItems_TaskItemId]
        FOREIGN KEY ([TaskItemId]) REFERENCES [TaskItems]([Id]) ON DELETE CASCADE;
END;

IF NOT EXISTS (SELECT 1 FROM sys.foreign_keys WHERE name = N'FK_TaskViewEvents_Users_UserId')
BEGIN
    ALTER TABLE [TaskViewEvents]
        ADD CONSTRAINT [FK_TaskViewEvents_Users_UserId]
        FOREIGN KEY ([UserId]) REFERENCES [Users]([Id]) ON DELETE CASCADE;
END;

IF OBJECT_ID(N'[TaskAttentionSignals]', N'U') IS NULL
BEGIN
    CREATE TABLE [TaskAttentionSignals] (
        [Id] uniqueidentifier NOT NULL CONSTRAINT [PK_TaskAttentionSignals] PRIMARY KEY DEFAULT NEWID(),
        [TaskItemId] uniqueidentifier NOT NULL,
        [UserId] uniqueidentifier NOT NULL,
        [SignalType] nvarchar(50) NOT NULL,
        [FirstDetectedAt] datetimeoffset NOT NULL CONSTRAINT [DF_TaskAttentionSignals_FirstDetectedAt] DEFAULT SYSDATETIMEOFFSET(),
        [LastSentAt] datetimeoffset NULL,
        [CooldownHours] int NOT NULL CONSTRAINT [DF_TaskAttentionSignals_CooldownHours] DEFAULT 24,
        [ResolvedAt] datetimeoffset NULL,
        [CreatedAt] datetimeoffset NOT NULL CONSTRAINT [DF_TaskAttentionSignals_CreatedAt] DEFAULT SYSDATETIMEOFFSET(),
        [UpdatedAt] datetimeoffset NULL
    );
END;

IF NOT EXISTS (SELECT 1 FROM sys.indexes WHERE name = N'IX_TaskAttentionSignals_TaskItemId_UserId_SignalType' AND object_id = OBJECT_ID(N'[TaskAttentionSignals]'))
BEGIN
    CREATE UNIQUE INDEX [IX_TaskAttentionSignals_TaskItemId_UserId_SignalType]
    ON [TaskAttentionSignals]([TaskItemId], [UserId], [SignalType]);
END;

IF NOT EXISTS (SELECT 1 FROM sys.indexes WHERE name = N'IX_TaskAttentionSignals_UserId_ResolvedAt_LastSentAt' AND object_id = OBJECT_ID(N'[TaskAttentionSignals]'))
BEGIN
    CREATE INDEX [IX_TaskAttentionSignals_UserId_ResolvedAt_LastSentAt]
    ON [TaskAttentionSignals]([UserId], [ResolvedAt], [LastSentAt]);
END;

IF NOT EXISTS (SELECT 1 FROM sys.foreign_keys WHERE name = N'FK_TaskAttentionSignals_TaskItems_TaskItemId')
BEGIN
    ALTER TABLE [TaskAttentionSignals]
        ADD CONSTRAINT [FK_TaskAttentionSignals_TaskItems_TaskItemId]
        FOREIGN KEY ([TaskItemId]) REFERENCES [TaskItems]([Id]) ON DELETE CASCADE;
END;

IF NOT EXISTS (SELECT 1 FROM sys.foreign_keys WHERE name = N'FK_TaskAttentionSignals_Users_UserId')
BEGIN
    ALTER TABLE [TaskAttentionSignals]
        ADD CONSTRAINT [FK_TaskAttentionSignals_Users_UserId]
        FOREIGN KEY ([UserId]) REFERENCES [Users]([Id]) ON DELETE CASCADE;
END;
[17:44:09 INF] Cơ sở dữ liệu đã migrate thành công.
[17:44:09 INF] Executed DbCommand (9ms) [Parameters=[], CommandType='Text', CommandTimeout='30']
SELECT TOP(1) [u].[Id], [u].[AvatarUrl], [u].[CreatedAt], [u].[Email], [u].[FullName], [u].[IsActive], [u].[PasswordHash], [u].[Role], [u].[UpdatedAt]
FROM [Users] AS [u]
WHERE [u].[Email] = N'admin@qaly.dev'
[17:44:09 INF] Executed DbCommand (6ms) [Parameters=[], CommandType='Text', CommandTimeout='30']
SELECT TOP(1) [p].[Id], [p].[Code], [p].[CreatedAt], [p].[Description], [p].[EndDate], [p].[LogoUrl], [p].[Name], [p].[OrganizationId], [p].[OwnerId], [p].[StartDate], [p].[Status], [p].[UpdatedAt]
FROM [Projects] AS [p]
WHERE [p].[Code] = N'qaly-mvp'
[17:44:09 INF] Executed DbCommand (33ms) [Parameters=[], CommandType='Text', CommandTimeout='30']
SELECT CASE
    WHEN EXISTS (
        SELECT 1
        FROM [Users] AS [u]) THEN CAST(1 AS bit)
    ELSE CAST(0 AS bit)
END
[17:44:09 INF] Executed DbCommand (10ms) [Parameters=[], CommandType='Text', CommandTimeout='30']
SELECT CASE
    WHEN EXISTS (
        SELECT 1
        FROM [Projects] AS [p]) THEN CAST(1 AS bit)
    ELSE CAST(0 AS bit)
END
[17:44:09 INF] Cơ sở dữ liệu đã có dữ liệu. Bỏ qua bước seed.
[17:44:09 INF] Bắt đầu đồng bộ dữ liệu vào Vector Database...
[17:44:09 INF] Executed DbCommand (7ms) [Parameters=[], CommandType='Text', CommandTimeout='30']
SELECT [p].[Id], [p].[Code], [p].[CreatedAt], [p].[Description], [p].[EndDate], [p].[LogoUrl], [p].[Name], [p].[OrganizationId], [p].[OwnerId], [p].[StartDate], [p].[Status], [p].[UpdatedAt]
FROM [Projects] AS [p]
[17:44:09 INF] Executed DbCommand (6ms) [Parameters=[], CommandType='Text', CommandTimeout='30']
SELECT [t].[Id], [t].[ActualHours], [t].[AssigneeId], [t].[ContributesToProgress], [t].[CreatedAt], [t].[Description], [t].[DownvoteCount], [t].[DueDate], [t].[EstimatedHours], [t].[ImportSessionId], [t].[IsPinned], [t].[IsPrivate], [t].[Priority], [t].[ProjectId], [t].[ReporterId], [t].[RowVersion], [t].[SortOrder], [t].[StartDate], [t].[Status], [t].[Title], [t].[UpdatedAt], [t].[UpvoteCount]
FROM [TaskItems] AS [t]
[17:44:09 INF] Executed DbCommand (18ms) [Parameters=[@taskId='?' (DbType = Guid)], CommandType='Text', CommandTimeout='30']
SELECT TOP(1) [t].[Id], [t].[ActualHours], [t].[AssigneeId], [t].[ContributesToProgress], [t].[CreatedAt], [t].[Description], [t].[DownvoteCount], [t].[DueDate], [t].[EstimatedHours], [t].[ImportSessionId], [t].[IsPinned], [t].[IsPrivate], [t].[Priority], [t].[ProjectId], [t].[ReporterId], [t].[RowVersion], [t].[SortOrder], [t].[StartDate], [t].[Status], [t].[Title], [t].[UpdatedAt], [t].[UpvoteCount], [p].[Id], [p].[Code], [p].[CreatedAt], [p].[Description], [p].[EndDate], [p].[LogoUrl], [p].[Name], [p].[OrganizationId], [p].[OwnerId], [p].[StartDate], [p].[Status], [p].[UpdatedAt]
FROM [TaskItems] AS [t]
INNER JOIN [Projects] AS [p] ON [t].[ProjectId] = [p].[Id]
WHERE [t].[Id] = @taskId
[17:44:09 INF] Executed DbCommand (2ms) [Parameters=[@taskId='?' (DbType = Guid)], CommandType='Text', CommandTimeout='30']
SELECT TOP(1) [t].[Id], [t].[ActualHours], [t].[AssigneeId], [t].[ContributesToProgress], [t].[CreatedAt], [t].[Description], [t].[DownvoteCount], [t].[DueDate], [t].[EstimatedHours], [t].[ImportSessionId], [t].[IsPinned], [t].[IsPrivate], [t].[Priority], [t].[ProjectId], [t].[ReporterId], [t].[RowVersion], [t].[SortOrder], [t].[StartDate], [t].[Status], [t].[Title], [t].[UpdatedAt], [t].[UpvoteCount], [p].[Id], [p].[Code], [p].[CreatedAt], [p].[Description], [p].[EndDate], [p].[LogoUrl], [p].[Name], [p].[OrganizationId], [p].[OwnerId], [p].[StartDate], [p].[Status], [p].[UpdatedAt]
FROM [TaskItems] AS [t]
INNER JOIN [Projects] AS [p] ON [t].[ProjectId] = [p].[Id]
WHERE [t].[Id] = @taskId
[17:44:09 INF] Executed DbCommand (2ms) [Parameters=[@taskId='?' (DbType = Guid)], CommandType='Text', CommandTimeout='30']
SELECT TOP(1) [t].[Id], [t].[ActualHours], [t].[AssigneeId], [t].[ContributesToProgress], [t].[CreatedAt], [t].[Description], [t].[DownvoteCount], [t].[DueDate], [t].[EstimatedHours], [t].[ImportSessionId], [t].[IsPinned], [t].[IsPrivate], [t].[Priority], [t].[ProjectId], [t].[ReporterId], [t].[RowVersion], [t].[SortOrder], [t].[StartDate], [t].[Status], [t].[Title], [t].[UpdatedAt], [t].[UpvoteCount], [p].[Id], [p].[Code], [p].[CreatedAt], [p].[Description], [p].[EndDate], [p].[LogoUrl], [p].[Name], [p].[OrganizationId], [p].[OwnerId], [p].[StartDate], [p].[Status], [p].[UpdatedAt]
FROM [TaskItems] AS [t]
INNER JOIN [Projects] AS [p] ON [t].[ProjectId] = [p].[Id]
WHERE [t].[Id] = @taskId
[17:44:09 INF] Executed DbCommand (2ms) [Parameters=[@taskId='?' (DbType = Guid)], CommandType='Text', CommandTimeout='30']
SELECT TOP(1) [t].[Id], [t].[ActualHours], [t].[AssigneeId], [t].[ContributesToProgress], [t].[CreatedAt], [t].[Description], [t].[DownvoteCount], [t].[DueDate], [t].[EstimatedHours], [t].[ImportSessionId], [t].[IsPinned], [t].[IsPrivate], [t].[Priority], [t].[ProjectId], [t].[ReporterId], [t].[RowVersion], [t].[SortOrder], [t].[StartDate], [t].[Status], [t].[Title], [t].[UpdatedAt], [t].[UpvoteCount], [p].[Id], [p].[Code], [p].[CreatedAt], [p].[Description], [p].[EndDate], [p].[LogoUrl], [p].[Name], [p].[OrganizationId], [p].[OwnerId], [p].[StartDate], [p].[Status], [p].[UpdatedAt]
FROM [TaskItems] AS [t]
INNER JOIN [Projects] AS [p] ON [t].[ProjectId] = [p].[Id]
WHERE [t].[Id] = @taskId
[17:44:09 INF] Executed DbCommand (1ms) [Parameters=[@taskId='?' (DbType = Guid)], CommandType='Text', CommandTimeout='30']
SELECT TOP(1) [t].[Id], [t].[ActualHours], [t].[AssigneeId], [t].[ContributesToProgress], [t].[CreatedAt], [t].[Description], [t].[DownvoteCount], [t].[DueDate], [t].[EstimatedHours], [t].[ImportSessionId], [t].[IsPinned], [t].[IsPrivate], [t].[Priority], [t].[ProjectId], [t].[ReporterId], [t].[RowVersion], [t].[SortOrder], [t].[StartDate], [t].[Status], [t].[Title], [t].[UpdatedAt], [t].[UpvoteCount], [p].[Id], [p].[Code], [p].[CreatedAt], [p].[Description], [p].[EndDate], [p].[LogoUrl], [p].[Name], [p].[OrganizationId], [p].[OwnerId], [p].[StartDate], [p].[Status], [p].[UpdatedAt]
FROM [TaskItems] AS [t]
INNER JOIN [Projects] AS [p] ON [t].[ProjectId] = [p].[Id]
WHERE [t].[Id] = @taskId
[17:44:09 INF] Executed DbCommand (2ms) [Parameters=[@taskId='?' (DbType = Guid)], CommandType='Text', CommandTimeout='30']
SELECT TOP(1) [t].[Id], [t].[ActualHours], [t].[AssigneeId], [t].[ContributesToProgress], [t].[CreatedAt], [t].[Description], [t].[DownvoteCount], [t].[DueDate], [t].[EstimatedHours], [t].[ImportSessionId], [t].[IsPinned], [t].[IsPrivate], [t].[Priority], [t].[ProjectId], [t].[ReporterId], [t].[RowVersion], [t].[SortOrder], [t].[StartDate], [t].[Status], [t].[Title], [t].[UpdatedAt], [t].[UpvoteCount], [p].[Id], [p].[Code], [p].[CreatedAt], [p].[Description], [p].[EndDate], [p].[LogoUrl], [p].[Name], [p].[OrganizationId], [p].[OwnerId], [p].[StartDate], [p].[Status], [p].[UpdatedAt]
FROM [TaskItems] AS [t]
INNER JOIN [Projects] AS [p] ON [t].[ProjectId] = [p].[Id]
WHERE [t].[Id] = @taskId
[17:44:09 INF] Executed DbCommand (2ms) [Parameters=[@taskId='?' (DbType = Guid)], CommandType='Text', CommandTimeout='30']
SELECT TOP(1) [t].[Id], [t].[ActualHours], [t].[AssigneeId], [t].[ContributesToProgress], [t].[CreatedAt], [t].[Description], [t].[DownvoteCount], [t].[DueDate], [t].[EstimatedHours], [t].[ImportSessionId], [t].[IsPinned], [t].[IsPrivate], [t].[Priority], [t].[ProjectId], [t].[ReporterId], [t].[RowVersion], [t].[SortOrder], [t].[StartDate], [t].[Status], [t].[Title], [t].[UpdatedAt], [t].[UpvoteCount], [p].[Id], [p].[Code], [p].[CreatedAt], [p].[Description], [p].[EndDate], [p].[LogoUrl], [p].[Name], [p].[OrganizationId], [p].[OwnerId], [p].[StartDate], [p].[Status], [p].[UpdatedAt]
FROM [TaskItems] AS [t]
INNER JOIN [Projects] AS [p] ON [t].[ProjectId] = [p].[Id]
WHERE [t].[Id] = @taskId
[17:44:09 INF] Executed DbCommand (2ms) [Parameters=[@taskId='?' (DbType = Guid)], CommandType='Text', CommandTimeout='30']
SELECT TOP(1) [t].[Id], [t].[ActualHours], [t].[AssigneeId], [t].[ContributesToProgress], [t].[CreatedAt], [t].[Description], [t].[DownvoteCount], [t].[DueDate], [t].[EstimatedHours], [t].[ImportSessionId], [t].[IsPinned], [t].[IsPrivate], [t].[Priority], [t].[ProjectId], [t].[ReporterId], [t].[RowVersion], [t].[SortOrder], [t].[StartDate], [t].[Status], [t].[Title], [t].[UpdatedAt], [t].[UpvoteCount], [p].[Id], [p].[Code], [p].[CreatedAt], [p].[Description], [p].[EndDate], [p].[LogoUrl], [p].[Name], [p].[OrganizationId], [p].[OwnerId], [p].[StartDate], [p].[Status], [p].[UpdatedAt]
FROM [TaskItems] AS [t]
INNER JOIN [Projects] AS [p] ON [t].[ProjectId] = [p].[Id]
WHERE [t].[Id] = @taskId
[17:44:09 INF] Executed DbCommand (2ms) [Parameters=[@taskId='?' (DbType = Guid)], CommandType='Text', CommandTimeout='30']
SELECT TOP(1) [t].[Id], [t].[ActualHours], [t].[AssigneeId], [t].[ContributesToProgress], [t].[CreatedAt], [t].[Description], [t].[DownvoteCount], [t].[DueDate], [t].[EstimatedHours], [t].[ImportSessionId], [t].[IsPinned], [t].[IsPrivate], [t].[Priority], [t].[ProjectId], [t].[ReporterId], [t].[RowVersion], [t].[SortOrder], [t].[StartDate], [t].[Status], [t].[Title], [t].[UpdatedAt], [t].[UpvoteCount], [p].[Id], [p].[Code], [p].[CreatedAt], [p].[Description], [p].[EndDate], [p].[LogoUrl], [p].[Name], [p].[OrganizationId], [p].[OwnerId], [p].[StartDate], [p].[Status], [p].[UpdatedAt]
FROM [TaskItems] AS [t]
INNER JOIN [Projects] AS [p] ON [t].[ProjectId] = [p].[Id]
WHERE [t].[Id] = @taskId
[17:44:09 INF] Executed DbCommand (1ms) [Parameters=[@taskId='?' (DbType = Guid)], CommandType='Text', CommandTimeout='30']
SELECT TOP(1) [t].[Id], [t].[ActualHours], [t].[AssigneeId], [t].[ContributesToProgress], [t].[CreatedAt], [t].[Description], [t].[DownvoteCount], [t].[DueDate], [t].[EstimatedHours], [t].[ImportSessionId], [t].[IsPinned], [t].[IsPrivate], [t].[Priority], [t].[ProjectId], [t].[ReporterId], [t].[RowVersion], [t].[SortOrder], [t].[StartDate], [t].[Status], [t].[Title], [t].[UpdatedAt], [t].[UpvoteCount], [p].[Id], [p].[Code], [p].[CreatedAt], [p].[Description], [p].[EndDate], [p].[LogoUrl], [p].[Name], [p].[OrganizationId], [p].[OwnerId], [p].[StartDate], [p].[Status], [p].[UpdatedAt]
FROM [TaskItems] AS [t]
INNER JOIN [Projects] AS [p] ON [t].[ProjectId] = [p].[Id]
WHERE [t].[Id] = @taskId
[17:44:09 INF] Executed DbCommand (1ms) [Parameters=[@taskId='?' (DbType = Guid)], CommandType='Text', CommandTimeout='30']
SELECT TOP(1) [t].[Id], [t].[ActualHours], [t].[AssigneeId], [t].[ContributesToProgress], [t].[CreatedAt], [t].[Description], [t].[DownvoteCount], [t].[DueDate], [t].[EstimatedHours], [t].[ImportSessionId], [t].[IsPinned], [t].[IsPrivate], [t].[Priority], [t].[ProjectId], [t].[ReporterId], [t].[RowVersion], [t].[SortOrder], [t].[StartDate], [t].[Status], [t].[Title], [t].[UpdatedAt], [t].[UpvoteCount], [p].[Id], [p].[Code], [p].[CreatedAt], [p].[Description], [p].[EndDate], [p].[LogoUrl], [p].[Name], [p].[OrganizationId], [p].[OwnerId], [p].[StartDate], [p].[Status], [p].[UpdatedAt]
FROM [TaskItems] AS [t]
INNER JOIN [Projects] AS [p] ON [t].[ProjectId] = [p].[Id]
WHERE [t].[Id] = @taskId
[17:44:09 INF] Executed DbCommand (1ms) [Parameters=[@taskId='?' (DbType = Guid)], CommandType='Text', CommandTimeout='30']
SELECT TOP(1) [t].[Id], [t].[ActualHours], [t].[AssigneeId], [t].[ContributesToProgress], [t].[CreatedAt], [t].[Description], [t].[DownvoteCount], [t].[DueDate], [t].[EstimatedHours], [t].[ImportSessionId], [t].[IsPinned], [t].[IsPrivate], [t].[Priority], [t].[ProjectId], [t].[ReporterId], [t].[RowVersion], [t].[SortOrder], [t].[StartDate], [t].[Status], [t].[Title], [t].[UpdatedAt], [t].[UpvoteCount], [p].[Id], [p].[Code], [p].[CreatedAt], [p].[Description], [p].[EndDate], [p].[LogoUrl], [p].[Name], [p].[OrganizationId], [p].[OwnerId], [p].[StartDate], [p].[Status], [p].[UpdatedAt]
FROM [TaskItems] AS [t]
INNER JOIN [Projects] AS [p] ON [t].[ProjectId] = [p].[Id]
WHERE [t].[Id] = @taskId
[17:44:09 INF] Executed DbCommand (5ms) [Parameters=[], CommandType='Text', CommandTimeout='30']
SELECT [t].[Id], [t].[AuthorId], [t].[Content], [t].[CreatedAt], [t].[DownvoteCount], [t].[ParentCommentId], [t].[TaskItemId], [t].[UpdatedAt], [t].[UpvoteCount]
FROM [TaskComments] AS [t]
[17:44:09 INF] Executed DbCommand (7ms) [Parameters=[@commentId='?' (DbType = Guid)], CommandType='Text', CommandTimeout='30']
SELECT TOP(1) [t].[Id], [t].[AuthorId], [t].[Content], [t].[CreatedAt], [t].[DownvoteCount], [t].[ParentCommentId], [t].[TaskItemId], [t].[UpdatedAt], [t].[UpvoteCount], [t0].[Id], [t0].[ActualHours], [t0].[AssigneeId], [t0].[ContributesToProgress], [t0].[CreatedAt], [t0].[Description], [t0].[DownvoteCount], [t0].[DueDate], [t0].[EstimatedHours], [t0].[ImportSessionId], [t0].[IsPinned], [t0].[IsPrivate], [t0].[Priority], [t0].[ProjectId], [t0].[ReporterId], [t0].[RowVersion], [t0].[SortOrder], [t0].[StartDate], [t0].[Status], [t0].[Title], [t0].[UpdatedAt], [t0].[UpvoteCount], [p].[Id], [p].[Code], [p].[CreatedAt], [p].[Description], [p].[EndDate], [p].[LogoUrl], [p].[Name], [p].[OrganizationId], [p].[OwnerId], [p].[StartDate], [p].[Status], [p].[UpdatedAt]
FROM [TaskComments] AS [t]
INNER JOIN [TaskItems] AS [t0] ON [t].[TaskItemId] = [t0].[Id]
INNER JOIN [Projects] AS [p] ON [t0].[ProjectId] = [p].[Id]
WHERE [t].[Id] = @commentId
[17:44:09 INF] Executed DbCommand (2ms) [Parameters=[@commentId='?' (DbType = Guid)], CommandType='Text', CommandTimeout='30']
SELECT TOP(1) [t].[Id], [t].[AuthorId], [t].[Content], [t].[CreatedAt], [t].[DownvoteCount], [t].[ParentCommentId], [t].[TaskItemId], [t].[UpdatedAt], [t].[UpvoteCount], [t0].[Id], [t0].[ActualHours], [t0].[AssigneeId], [t0].[ContributesToProgress], [t0].[CreatedAt], [t0].[Description], [t0].[DownvoteCount], [t0].[DueDate], [t0].[EstimatedHours], [t0].[ImportSessionId], [t0].[IsPinned], [t0].[IsPrivate], [t0].[Priority], [t0].[ProjectId], [t0].[ReporterId], [t0].[RowVersion], [t0].[SortOrder], [t0].[StartDate], [t0].[Status], [t0].[Title], [t0].[UpdatedAt], [t0].[UpvoteCount], [p].[Id], [p].[Code], [p].[CreatedAt], [p].[Description], [p].[EndDate], [p].[LogoUrl], [p].[Name], [p].[OrganizationId], [p].[OwnerId], [p].[StartDate], [p].[Status], [p].[UpdatedAt]
FROM [TaskComments] AS [t]
INNER JOIN [TaskItems] AS [t0] ON [t].[TaskItemId] = [t0].[Id]
INNER JOIN [Projects] AS [p] ON [t0].[ProjectId] = [p].[Id]
WHERE [t].[Id] = @commentId
[17:44:10 INF] Executed DbCommand (5ms) [Parameters=[], CommandType='Text', CommandTimeout='30']
SELECT [t].[Id], [t].[CommentId], [t].[ContentType], [t].[CreatedAt], [t].[EvidenceApprovalStatus], [t].[EvidenceReviewNote], [t].[EvidenceReviewedAt], [t].[EvidenceReviewedById], [t].[FileName], [t].[FilePath], [t].[FileSize], [t].[IsEvidence], [t].[ProjectId], [t].[Scope], [t].[TaskItemId], [t].[UpdatedAt], [t].[UploadedAt], [t].[UploadedById]
FROM [TaskAttachments] AS [t]
[17:44:10 INF] Đồng bộ dữ liệu AI hoàn tất.
[17:44:10 INF] Starting Qaly Web App...
[17:44:10 INF] Email Digest Worker is starting.
[17:44:10 INF] Next email digest run scheduled for 05/23/2026 07:00:00 (in 13:15:49.8256858)
[17:44:10 WRN] The query uses a row limiting operator ('Skip'/'Take') without an 'OrderBy' operator. This may lead to unpredictable results. If the 'Distinct' operator is used after 'OrderBy', then make sure to use the 'OrderBy' operator after 'Distinct' as the ordering would otherwise get erased.
[17:44:10 INF] Now listening on: http://localhost:5000
[17:44:10 INF] Application started. Press Ctrl+C to shut down.
[17:44:10 INF] Hosting environment: Production
[17:44:10 INF] Content root path: C:\Users\duyh6\Qaly_project\src\Qaly.Web
[17:44:10 WRN] Compiling a query which loads related collections for more than one collection navigation, either via 'Include' or through projection, but no 'QuerySplittingBehavior' has been configured. By default, Entity Framework will use 'QuerySplittingBehavior.SingleQuery', which can potentially result in slow query performance. See https://go.microsoft.com/fwlink/?linkid=2134277 for more information. To identify the query that's triggering this warning call 'ConfigureWarnings(w => w.Throw(RelationalEventId.MultipleCollectionIncludeWarning))'.
[17:44:10 INF] Executed DbCommand (9ms) [Parameters=[@p='?' (DbType = Int32)], CommandType='Text', CommandTimeout='30']
SELECT [t1].[Id], [t1].[ActualHours], [t1].[AssigneeId], [t1].[ContributesToProgress], [t1].[CreatedAt], [t1].[Description], [t1].[DownvoteCount], [t1].[DueDate], [t1].[EstimatedHours], [t1].[ImportSessionId], [t1].[IsPinned], [t1].[IsPrivate], [t1].[Priority], [t1].[ProjectId], [t1].[ReporterId], [t1].[RowVersion], [t1].[SortOrder], [t1].[StartDate], [t1].[Status], [t1].[Title], [t1].[UpdatedAt], [t1].[UpvoteCount], [p].[Id], [p].[Code], [p].[CreatedAt], [p].[Description], [p].[EndDate], [p].[LogoUrl], [p].[Name], [p].[OrganizationId], [p].[OwnerId], [p].[StartDate], [p].[Status], [p].[UpdatedAt], [t2].[Id], [t2].[AssignedAt], [t2].[AssignedByUserId], [t2].[CreatedAt], [t2].[TaskItemId], [t2].[UpdatedAt], [t2].[UserId], [t3].[Id], [t3].[CreatedAt], [t3].[TaskItemId], [t3].[UpdatedAt], [t3].[UserId], [t3].[ViewCount], [t3].[ViewedAt]
FROM (
    SELECT TOP(@p) [t].[Id], [t].[ActualHours], [t].[AssigneeId], [t].[ContributesToProgress], [t].[CreatedAt], [t].[Description], [t].[DownvoteCount], [t].[DueDate], [t].[EstimatedHours], [t].[ImportSessionId], [t].[IsPinned], [t].[IsPrivate], [t].[Priority], [t].[ProjectId], [t].[ReporterId], [t].[RowVersion], [t].[SortOrder], [t].[StartDate], [t].[Status], [t].[Title], [t].[UpdatedAt], [t].[UpvoteCount]
    FROM [TaskItems] AS [t]
    WHERE [t].[Status] <> N'Done' AND ([t].[AssigneeId] IS NOT NULL OR EXISTS (
        SELECT 1
        FROM [TaskAssignments] AS [t0]
        WHERE [t].[Id] = [t0].[TaskItemId]))
) AS [t1]
INNER JOIN [Projects] AS [p] ON [t1].[ProjectId] = [p].[Id]
LEFT JOIN [TaskAssignments] AS [t2] ON [t1].[Id] = [t2].[TaskItemId]
LEFT JOIN [TaskViewEvents] AS [t3] ON [t1].[Id] = [t3].[TaskItemId]
ORDER BY [t1].[Id], [p].[Id], [t2].[Id]
[17:44:10 INF] Executed DbCommand (7ms) [Parameters=[@_8__locals2_8__locals1_task_Id='?' (DbType = Guid), @_8__locals2_userId='?' (DbType = Guid), @detected_SignalType='?' (Size = 50)], CommandType='Text', CommandTimeout='30']
SELECT TOP(1) [t].[Id], [t].[CooldownHours], [t].[CreatedAt], [t].[FirstDetectedAt], [t].[LastSentAt], [t].[ResolvedAt], [t].[SignalType], [t].[TaskItemId], [t].[UpdatedAt], [t].[UserId]
FROM [TaskAttentionSignals] AS [t]
WHERE [t].[TaskItemId] = @_8__locals2_8__locals1_task_Id AND [t].[UserId] = @_8__locals2_userId AND [t].[SignalType] = @detected_SignalType
[17:44:10 INF] Executed DbCommand (2ms) [Parameters=[@_8__locals2_8__locals1_task_Id='?' (DbType = Guid), @_8__locals2_userId='?' (DbType = Guid), @detected_SignalType='?' (Size = 50)], CommandType='Text', CommandTimeout='30']
SELECT TOP(1) [t].[Id], [t].[CooldownHours], [t].[CreatedAt], [t].[FirstDetectedAt], [t].[LastSentAt], [t].[ResolvedAt], [t].[SignalType], [t].[TaskItemId], [t].[UpdatedAt], [t].[UserId]
FROM [TaskAttentionSignals] AS [t]
WHERE [t].[TaskItemId] = @_8__locals2_8__locals1_task_Id AND [t].[UserId] = @_8__locals2_userId AND [t].[SignalType] = @detected_SignalType
[17:44:10 INF] Executed DbCommand (2ms) [Parameters=[@_8__locals2_8__locals1_task_Id='?' (DbType = Guid), @_8__locals2_userId='?' (DbType = Guid), @detected_SignalType='?' (Size = 50)], CommandType='Text', CommandTimeout='30']
SELECT TOP(1) [t].[Id], [t].[CooldownHours], [t].[CreatedAt], [t].[FirstDetectedAt], [t].[LastSentAt], [t].[ResolvedAt], [t].[SignalType], [t].[TaskItemId], [t].[UpdatedAt], [t].[UserId]
FROM [TaskAttentionSignals] AS [t]
WHERE [t].[TaskItemId] = @_8__locals2_8__locals1_task_Id AND [t].[UserId] = @_8__locals2_userId AND [t].[SignalType] = @detected_SignalType
[17:44:10 INF] Executed DbCommand (1ms) [Parameters=[@_8__locals2_8__locals1_task_Id='?' (DbType = Guid), @_8__locals2_userId='?' (DbType = Guid), @detected_SignalType='?' (Size = 50)], CommandType='Text', CommandTimeout='30']
SELECT TOP(1) [t].[Id], [t].[CooldownHours], [t].[CreatedAt], [t].[FirstDetectedAt], [t].[LastSentAt], [t].[ResolvedAt], [t].[SignalType], [t].[TaskItemId], [t].[UpdatedAt], [t].[UserId]
FROM [TaskAttentionSignals] AS [t]
WHERE [t].[TaskItemId] = @_8__locals2_8__locals1_task_Id AND [t].[UserId] = @_8__locals2_userId AND [t].[SignalType] = @detected_SignalType
[17:44:10 INF] Executed DbCommand (1ms) [Parameters=[@_8__locals2_8__locals1_task_Id='?' (DbType = Guid), @_8__locals2_userId='?' (DbType = Guid), @detected_SignalType='?' (Size = 50)], CommandType='Text', CommandTimeout='30']
SELECT TOP(1) [t].[Id], [t].[CooldownHours], [t].[CreatedAt], [t].[FirstDetectedAt], [t].[LastSentAt], [t].[ResolvedAt], [t].[SignalType], [t].[TaskItemId], [t].[UpdatedAt], [t].[UserId]
FROM [TaskAttentionSignals] AS [t]
WHERE [t].[TaskItemId] = @_8__locals2_8__locals1_task_Id AND [t].[UserId] = @_8__locals2_userId AND [t].[SignalType] = @detected_SignalType
[17:44:10 INF] Executed DbCommand (1ms) [Parameters=[@_8__locals2_8__locals1_task_Id='?' (DbType = Guid), @_8__locals2_userId='?' (DbType = Guid), @detected_SignalType='?' (Size = 50)], CommandType='Text', CommandTimeout='30']
SELECT TOP(1) [t].[Id], [t].[CooldownHours], [t].[CreatedAt], [t].[FirstDetectedAt], [t].[LastSentAt], [t].[ResolvedAt], [t].[SignalType], [t].[TaskItemId], [t].[UpdatedAt], [t].[UserId]
FROM [TaskAttentionSignals] AS [t]
WHERE [t].[TaskItemId] = @_8__locals2_8__locals1_task_Id AND [t].[UserId] = @_8__locals2_userId AND [t].[SignalType] = @detected_SignalType
[17:44:10 INF] Executed DbCommand (4ms) [Parameters=[@taskIds1='?' (DbType = Guid), @taskIds2='?' (DbType = Guid), @taskIds3='?' (DbType = Guid), @taskIds4='?' (DbType = Guid)], CommandType='Text', CommandTimeout='30']
SELECT [t].[Id], [t].[CooldownHours], [t].[CreatedAt], [t].[FirstDetectedAt], [t].[LastSentAt], [t].[ResolvedAt], [t].[SignalType], [t].[TaskItemId], [t].[UpdatedAt], [t].[UserId]
FROM [TaskAttentionSignals] AS [t]
WHERE [t].[TaskItemId] IN (@taskIds1, @taskIds2, @taskIds3, @taskIds4) AND [t].[ResolvedAt] IS NULL
[17:44:10 WRN] Failed to determine the https port for redirect.
[17:44:10 INF] HTTP GET /projects/90df9211-b400-4661-8db6-1a362d208892 responded 200 in 171.0555 ms
[17:44:10 INF] HTTP GET /dist/assets/main.js responded 304 in 1.0802 ms
[17:44:10 INF] HTTP GET /dist/assets/main.css responded 304 in 3.5232 ms
[17:44:10 INF] HTTP GET /dist/assets/vendor-ui.js responded 304 in 0.3203 ms
[17:44:10 INF] HTTP GET /dist/assets/vendor-vue.js responded 304 in 0.3366 ms
[17:44:10 INF] HTTP GET /dist/assets/vendor-markdown.js responded 304 in 0.4537 ms
[17:44:10 INF] HTTP GET /dist/assets/vendor-realtime.js responded 304 in 0.3313 ms
[17:44:10 INF] HTTP GET /dist/assets/ProjectDetailPage.js responded 304 in 0.4466 ms
[17:44:10 INF] HTTP GET /dist/assets/ImportUndoBanner.js responded 304 in 0.5682 ms
[17:44:10 INF] HTTP GET /dist/assets/ImportUndoBanner.css responded 304 in 0.3602 ms
[17:44:10 INF] HTTP GET /dist/assets/ProjectDetailPage.css responded 304 in 0.1521 ms
[17:44:11 INF] HTTP GET /dist/assets/main.js responded 304 in 0.3435 ms
[17:44:11 INF] Executed DbCommand (12ms) [Parameters=[@p='?' (DbType = Guid)], CommandType='Text', CommandTimeout='30']
SELECT TOP(1) [u].[Id], [u].[AvatarUrl], [u].[CreatedAt], [u].[Email], [u].[FullName], [u].[IsActive], [u].[PasswordHash], [u].[Role], [u].[UpdatedAt]
FROM [Users] AS [u]
WHERE [u].[Id] = @p
[17:44:11 INF] Executed DbCommand (17ms) [Parameters=[], CommandType='Text', CommandTimeout='30']
SELECT [u].[Id], [u].[AvatarUrl], [u].[CreatedAt], [u].[Email], [u].[FullName], [u].[IsActive], [u].[PasswordHash], [u].[Role], [u].[UpdatedAt]
FROM [Users] AS [u]
WHERE [u].[IsActive] = CAST(1 AS bit)
ORDER BY [u].[FullName]
[17:44:11 INF] Executed DbCommand (10ms) [Parameters=[@p='?' (DbType = Int32), @userId='?' (DbType = Guid)], CommandType='Text', CommandTimeout='30']
SELECT TOP(@p) [n].[Id], [n].[CreatedAt], [n].[IsRead], [n].[Message], [n].[RelatedEntityId], [n].[RelatedEntityType], [n].[Type], [n].[UpdatedAt], [n].[UserId]
FROM [Notifications] AS [n]
WHERE [n].[UserId] = @userId
ORDER BY [n].[CreatedAt] DESC
[17:44:11 INF] HTTP GET /api/users responded 200 in 172.8094 ms
[17:44:11 INF] HTTP GET /api/auth/me responded 200 in 176.3291 ms
[17:44:11 INF] HTTP GET /api/notifications responded 200 in 177.7847 ms
[17:44:11 INF] Executed DbCommand (3ms) [Parameters=[], CommandType='Text', CommandTimeout='30']
SELECT [u].[Id], [u].[AvatarUrl], [u].[CreatedAt], [u].[Email], [u].[FullName], [u].[IsActive], [u].[PasswordHash], [u].[Role], [u].[UpdatedAt]
FROM [Users] AS [u]
WHERE [u].[IsActive] = CAST(1 AS bit)
ORDER BY [u].[FullName]
[17:44:11 INF] Executed DbCommand (2ms) [Parameters=[@p='?' (DbType = Guid)], CommandType='Text', CommandTimeout='30']
SELECT TOP(1) [u].[Id], [u].[AvatarUrl], [u].[CreatedAt], [u].[Email], [u].[FullName], [u].[IsActive], [u].[PasswordHash], [u].[Role], [u].[UpdatedAt]
FROM [Users] AS [u]
WHERE [u].[Id] = @p
[17:44:11 INF] HTTP GET /api/users responded 200 in 11.1161 ms
[17:44:11 INF] Executed DbCommand (2ms) [Parameters=[@p='?' (DbType = Int32), @userId='?' (DbType = Guid)], CommandType='Text', CommandTimeout='30']
SELECT TOP(@p) [n].[Id], [n].[CreatedAt], [n].[IsRead], [n].[Message], [n].[RelatedEntityId], [n].[RelatedEntityType], [n].[Type], [n].[UpdatedAt], [n].[UserId]
FROM [Notifications] AS [n]
WHERE [n].[UserId] = @userId
ORDER BY [n].[CreatedAt] DESC
[17:44:11 INF] Executed DbCommand (13ms) [Parameters=[], CommandType='Text', CommandTimeout='30']
SELECT [p].[Id], [p].[Code], [p].[CreatedAt], [p].[Description], [p].[EndDate], [p].[LogoUrl], [p].[Name], [p].[OrganizationId], [p].[OwnerId], [p].[StartDate], [p].[Status], [p].[UpdatedAt], [u].[Id], [u].[AvatarUrl], [u].[CreatedAt], [u].[Email], [u].[FullName], [u].[IsActive], [u].[PasswordHash], [u].[Role], [u].[UpdatedAt]
FROM [Projects] AS [p]
INNER JOIN [Users] AS [u] ON [p].[OwnerId] = [u].[Id]
ORDER BY [p].[CreatedAt] DESC, [p].[Id], [u].[Id]
[17:44:11 INF] HTTP GET /api/auth/me responded 200 in 14.3076 ms
[17:44:11 INF] HTTP GET /api/notifications responded 200 in 13.7995 ms
[17:44:11 INF] Executed DbCommand (8ms) [Parameters=[], CommandType='Text', CommandTimeout='30']
SELECT [s].[Id], [s].[CanNudgeAssignee], [s].[CanViewProjectTimeline], [s].[CanViewTaskRisk], [s].[CanViewUnseenTaskSignal], [s].[CreatedAt], [s].[JoinedAt], [s].[ProjectId], [s].[Role], [s].[UpdatedAt], [s].[UserId], [s].[Id0], [s].[AvatarUrl], [s].[CreatedAt0], [s].[Email], [s].[FullName], [s].[IsActive], [s].[PasswordHash], [s].[Role0], [s].[UpdatedAt0], [p].[Id], [u].[Id]
FROM [Projects] AS [p]
INNER JOIN [Users] AS [u] ON [p].[OwnerId] = [u].[Id]
INNER JOIN (
    SELECT [p0].[Id], [p0].[CanNudgeAssignee], [p0].[CanViewProjectTimeline], [p0].[CanViewTaskRisk], [p0].[CanViewUnseenTaskSignal], [p0].[CreatedAt], [p0].[JoinedAt], [p0].[ProjectId], [p0].[Role], [p0].[UpdatedAt], [p0].[UserId], [u0].[Id] AS [Id0], [u0].[AvatarUrl], [u0].[CreatedAt] AS [CreatedAt0], [u0].[Email], [u0].[FullName], [u0].[IsActive], [u0].[PasswordHash], [u0].[Role] AS [Role0], [u0].[UpdatedAt] AS [UpdatedAt0]
    FROM [ProjectMembers] AS [p0]
    INNER JOIN [Users] AS [u0] ON [p0].[UserId] = [u0].[Id]
) AS [s] ON [p].[Id] = [s].[ProjectId]
ORDER BY [p].[CreatedAt] DESC, [p].[Id], [u].[Id]
[17:44:11 INF] Executed DbCommand (9ms) [Parameters=[], CommandType='Text', CommandTimeout='30']
SELECT [s0].[Id], [s0].[ActualHours], [s0].[AssigneeId], [s0].[ContributesToProgress], [s0].[CreatedAt], [s0].[Description], [s0].[DownvoteCount], [s0].[DueDate], [s0].[EstimatedHours], [s0].[ImportSessionId], [s0].[IsPinned], [s0].[IsPrivate], [s0].[Priority], [s0].[ProjectId], [s0].[ReporterId], [s0].[RowVersion], [s0].[SortOrder], [s0].[StartDate], [s0].[Status], [s0].[Title], [s0].[UpdatedAt], [s0].[UpvoteCount], [s0].[Id0], [s0].[AvatarUrl], [s0].[CreatedAt0], [s0].[Email], [s0].[FullName], [s0].[IsActive], [s0].[PasswordHash], [s0].[Role], [s0].[UpdatedAt0], [s0].[Id1], [s0].[AvatarUrl0], [s0].[CreatedAt1], [s0].[Email0], [s0].[FullName0], [s0].[IsActive0], [s0].[PasswordHash0], [s0].[Role0], [s0].[UpdatedAt1], [p].[Id], [u].[Id]
FROM [Projects] AS [p]
INNER JOIN [Users] AS [u] ON [p].[OwnerId] = [u].[Id]
INNER JOIN (
    SELECT [t].[Id], [t].[ActualHours], [t].[AssigneeId], [t].[ContributesToProgress], [t].[CreatedAt], [t].[Description], [t].[DownvoteCount], [t].[DueDate], [t].[EstimatedHours], [t].[ImportSessionId], [t].[IsPinned], [t].[IsPrivate], [t].[Priority], [t].[ProjectId], [t].[ReporterId], [t].[RowVersion], [t].[SortOrder], [t].[StartDate], [t].[Status], [t].[Title], [t].[UpdatedAt], [t].[UpvoteCount], [u1].[Id] AS [Id0], [u1].[AvatarUrl], [u1].[CreatedAt] AS [CreatedAt0], [u1].[Email], [u1].[FullName], [u1].[IsActive], [u1].[PasswordHash], [u1].[Role], [u1].[UpdatedAt] AS [UpdatedAt0], [u2].[Id] AS [Id1], [u2].[AvatarUrl] AS [AvatarUrl0], [u2].[CreatedAt] AS [CreatedAt1], [u2].[Email] AS [Email0], [u2].[FullName] AS [FullName0], [u2].[IsActive] AS [IsActive0], [u2].[PasswordHash] AS [PasswordHash0], [u2].[Role] AS [Role0], [u2].[UpdatedAt] AS [UpdatedAt1]
    FROM [TaskItems] AS [t]
    LEFT JOIN [Users] AS [u1] ON [t].[AssigneeId] = [u1].[Id]
    INNER JOIN [Users] AS [u2] ON [t].[ReporterId] = [u2].[Id]
) AS [s0] ON [p].[Id] = [s0].[ProjectId]
ORDER BY [p].[CreatedAt] DESC, [p].[Id], [u].[Id], [s0].[Id], [s0].[Id0], [s0].[Id1]
[17:44:11 INF] Executed DbCommand (6ms) [Parameters=[], CommandType='Text', CommandTimeout='30']
SELECT [t0].[Id], [t0].[AuthorId], [t0].[Content], [t0].[CreatedAt], [t0].[DownvoteCount], [t0].[ParentCommentId], [t0].[TaskItemId], [t0].[UpdatedAt], [t0].[UpvoteCount], [p].[Id], [u].[Id], [s0].[Id], [s0].[Id0], [s0].[Id1]
FROM [Projects] AS [p]
INNER JOIN [Users] AS [u] ON [p].[OwnerId] = [u].[Id]
INNER JOIN (
    SELECT [t].[Id], [t].[ProjectId], [u1].[Id] AS [Id0], [u2].[Id] AS [Id1]
    FROM [TaskItems] AS [t]
    LEFT JOIN [Users] AS [u1] ON [t].[AssigneeId] = [u1].[Id]
    INNER JOIN [Users] AS [u2] ON [t].[ReporterId] = [u2].[Id]
) AS [s0] ON [p].[Id] = [s0].[ProjectId]
INNER JOIN [TaskComments] AS [t0] ON [s0].[Id] = [t0].[TaskItemId]
ORDER BY [p].[CreatedAt] DESC, [p].[Id], [u].[Id], [s0].[Id], [s0].[Id0], [s0].[Id1]
[17:44:11 INF] Executed DbCommand (5ms) [Parameters=[], CommandType='Text', CommandTimeout='30']
SELECT [t1].[Id], [t1].[CommentId], [t1].[ContentType], [t1].[CreatedAt], [t1].[EvidenceApprovalStatus], [t1].[EvidenceReviewNote], [t1].[EvidenceReviewedAt], [t1].[EvidenceReviewedById], [t1].[FileName], [t1].[FilePath], [t1].[FileSize], [t1].[IsEvidence], [t1].[ProjectId], [t1].[Scope], [t1].[TaskItemId], [t1].[UpdatedAt], [t1].[UploadedAt], [t1].[UploadedById], [p].[Id], [u].[Id], [s0].[Id], [s0].[Id0], [s0].[Id1]
FROM [Projects] AS [p]
INNER JOIN [Users] AS [u] ON [p].[OwnerId] = [u].[Id]
INNER JOIN (
    SELECT [t].[Id], [t].[ProjectId], [u1].[Id] AS [Id0], [u2].[Id] AS [Id1]
    FROM [TaskItems] AS [t]
    LEFT JOIN [Users] AS [u1] ON [t].[AssigneeId] = [u1].[Id]
    INNER JOIN [Users] AS [u2] ON [t].[ReporterId] = [u2].[Id]
) AS [s0] ON [p].[Id] = [s0].[ProjectId]
INNER JOIN [TaskAttachments] AS [t1] ON [s0].[Id] = [t1].[TaskItemId]
ORDER BY [p].[CreatedAt] DESC, [p].[Id], [u].[Id], [s0].[Id], [s0].[Id0], [s0].[Id1]
[17:44:11 INF] Executed DbCommand (7ms) [Parameters=[], CommandType='Text', CommandTimeout='30']
SELECT [u].[Id], [u].[AvatarUrl], [u].[CreatedAt], [u].[Email], [u].[FullName], [u].[IsActive], [u].[PasswordHash], [u].[Role], [u].[UpdatedAt]
FROM [Users] AS [u]
ORDER BY [u].[FullName]
[17:44:11 INF] HTTP GET /images/icons/icon-192x192.png responded 304 in 0.3095 ms
[17:44:11 INF] Executed DbCommand (6ms) [Parameters=[@p='?' (DbType = Int32), @currentUserId_Value='?' (DbType = Guid)], CommandType='Text', CommandTimeout='30']
SELECT TOP(@p) CONVERT(varchar(36), [n].[Id]), [n].[Type], [n].[Message], [n].[CreatedAt]
FROM [Notifications] AS [n]
WHERE [n].[UserId] = @currentUserId_Value AND [n].[IsRead] = CAST(0 AS bit)
ORDER BY [n].[CreatedAt] DESC
[17:44:11 INF] HTTP GET /api/dashboard/overview responded 200 in 375.0991 ms
[17:44:11 INF] Executed DbCommand (2ms) [Parameters=[], CommandType='Text', CommandTimeout='30']
SELECT [p].[Id], [p].[Code], [p].[CreatedAt], [p].[Description], [p].[EndDate], [p].[LogoUrl], [p].[Name], [p].[OrganizationId], [p].[OwnerId], [p].[StartDate], [p].[Status], [p].[UpdatedAt], [u].[Id], [u].[AvatarUrl], [u].[CreatedAt], [u].[Email], [u].[FullName], [u].[IsActive], [u].[PasswordHash], [u].[Role], [u].[UpdatedAt]
FROM [Projects] AS [p]
INNER JOIN [Users] AS [u] ON [p].[OwnerId] = [u].[Id]
ORDER BY [p].[CreatedAt] DESC, [p].[Id], [u].[Id]
[17:44:11 INF] Executed DbCommand (2ms) [Parameters=[], CommandType='Text', CommandTimeout='30']
SELECT [s].[Id], [s].[CanNudgeAssignee], [s].[CanViewProjectTimeline], [s].[CanViewTaskRisk], [s].[CanViewUnseenTaskSignal], [s].[CreatedAt], [s].[JoinedAt], [s].[ProjectId], [s].[Role], [s].[UpdatedAt], [s].[UserId], [s].[Id0], [s].[AvatarUrl], [s].[CreatedAt0], [s].[Email], [s].[FullName], [s].[IsActive], [s].[PasswordHash], [s].[Role0], [s].[UpdatedAt0], [p].[Id], [u].[Id]
FROM [Projects] AS [p]
INNER JOIN [Users] AS [u] ON [p].[OwnerId] = [u].[Id]
INNER JOIN (
    SELECT [p0].[Id], [p0].[CanNudgeAssignee], [p0].[CanViewProjectTimeline], [p0].[CanViewTaskRisk], [p0].[CanViewUnseenTaskSignal], [p0].[CreatedAt], [p0].[JoinedAt], [p0].[ProjectId], [p0].[Role], [p0].[UpdatedAt], [p0].[UserId], [u0].[Id] AS [Id0], [u0].[AvatarUrl], [u0].[CreatedAt] AS [CreatedAt0], [u0].[Email], [u0].[FullName], [u0].[IsActive], [u0].[PasswordHash], [u0].[Role] AS [Role0], [u0].[UpdatedAt] AS [UpdatedAt0]
    FROM [ProjectMembers] AS [p0]
    INNER JOIN [Users] AS [u0] ON [p0].[UserId] = [u0].[Id]
) AS [s] ON [p].[Id] = [s].[ProjectId]
ORDER BY [p].[CreatedAt] DESC, [p].[Id], [u].[Id]
[17:44:11 INF] Executed DbCommand (2ms) [Parameters=[], CommandType='Text', CommandTimeout='30']
SELECT [s0].[Id], [s0].[ActualHours], [s0].[AssigneeId], [s0].[ContributesToProgress], [s0].[CreatedAt], [s0].[Description], [s0].[DownvoteCount], [s0].[DueDate], [s0].[EstimatedHours], [s0].[ImportSessionId], [s0].[IsPinned], [s0].[IsPrivate], [s0].[Priority], [s0].[ProjectId], [s0].[ReporterId], [s0].[RowVersion], [s0].[SortOrder], [s0].[StartDate], [s0].[Status], [s0].[Title], [s0].[UpdatedAt], [s0].[UpvoteCount], [s0].[Id0], [s0].[AvatarUrl], [s0].[CreatedAt0], [s0].[Email], [s0].[FullName], [s0].[IsActive], [s0].[PasswordHash], [s0].[Role], [s0].[UpdatedAt0], [s0].[Id1], [s0].[AvatarUrl0], [s0].[CreatedAt1], [s0].[Email0], [s0].[FullName0], [s0].[IsActive0], [s0].[PasswordHash0], [s0].[Role0], [s0].[UpdatedAt1], [p].[Id], [u].[Id]
FROM [Projects] AS [p]
INNER JOIN [Users] AS [u] ON [p].[OwnerId] = [u].[Id]
INNER JOIN (
    SELECT [t].[Id], [t].[ActualHours], [t].[AssigneeId], [t].[ContributesToProgress], [t].[CreatedAt], [t].[Description], [t].[DownvoteCount], [t].[DueDate], [t].[EstimatedHours], [t].[ImportSessionId], [t].[IsPinned], [t].[IsPrivate], [t].[Priority], [t].[ProjectId], [t].[ReporterId], [t].[RowVersion], [t].[SortOrder], [t].[StartDate], [t].[Status], [t].[Title], [t].[UpdatedAt], [t].[UpvoteCount], [u1].[Id] AS [Id0], [u1].[AvatarUrl], [u1].[CreatedAt] AS [CreatedAt0], [u1].[Email], [u1].[FullName], [u1].[IsActive], [u1].[PasswordHash], [u1].[Role], [u1].[UpdatedAt] AS [UpdatedAt0], [u2].[Id] AS [Id1], [u2].[AvatarUrl] AS [AvatarUrl0], [u2].[CreatedAt] AS [CreatedAt1], [u2].[Email] AS [Email0], [u2].[FullName] AS [FullName0], [u2].[IsActive] AS [IsActive0], [u2].[PasswordHash] AS [PasswordHash0], [u2].[Role] AS [Role0], [u2].[UpdatedAt] AS [UpdatedAt1]
    FROM [TaskItems] AS [t]
    LEFT JOIN [Users] AS [u1] ON [t].[AssigneeId] = [u1].[Id]
    INNER JOIN [Users] AS [u2] ON [t].[ReporterId] = [u2].[Id]
) AS [s0] ON [p].[Id] = [s0].[ProjectId]
ORDER BY [p].[CreatedAt] DESC, [p].[Id], [u].[Id], [s0].[Id], [s0].[Id0], [s0].[Id1]
[17:44:11 INF] Executed DbCommand (1ms) [Parameters=[], CommandType='Text', CommandTimeout='30']
SELECT [t0].[Id], [t0].[AuthorId], [t0].[Content], [t0].[CreatedAt], [t0].[DownvoteCount], [t0].[ParentCommentId], [t0].[TaskItemId], [t0].[UpdatedAt], [t0].[UpvoteCount], [p].[Id], [u].[Id], [s0].[Id], [s0].[Id0], [s0].[Id1]
FROM [Projects] AS [p]
INNER JOIN [Users] AS [u] ON [p].[OwnerId] = [u].[Id]
INNER JOIN (
    SELECT [t].[Id], [t].[ProjectId], [u1].[Id] AS [Id0], [u2].[Id] AS [Id1]
    FROM [TaskItems] AS [t]
    LEFT JOIN [Users] AS [u1] ON [t].[AssigneeId] = [u1].[Id]
    INNER JOIN [Users] AS [u2] ON [t].[ReporterId] = [u2].[Id]
) AS [s0] ON [p].[Id] = [s0].[ProjectId]
INNER JOIN [TaskComments] AS [t0] ON [s0].[Id] = [t0].[TaskItemId]
ORDER BY [p].[CreatedAt] DESC, [p].[Id], [u].[Id], [s0].[Id], [s0].[Id0], [s0].[Id1]
[17:44:11 INF] HTTP POST /hubs/notification/negotiate responded 200 in 5.7497 ms
[17:44:11 INF] Executed DbCommand (2ms) [Parameters=[], CommandType='Text', CommandTimeout='30']
SELECT [t1].[Id], [t1].[CommentId], [t1].[ContentType], [t1].[CreatedAt], [t1].[EvidenceApprovalStatus], [t1].[EvidenceReviewNote], [t1].[EvidenceReviewedAt], [t1].[EvidenceReviewedById], [t1].[FileName], [t1].[FilePath], [t1].[FileSize], [t1].[IsEvidence], [t1].[ProjectId], [t1].[Scope], [t1].[TaskItemId], [t1].[UpdatedAt], [t1].[UploadedAt], [t1].[UploadedById], [p].[Id], [u].[Id], [s0].[Id], [s0].[Id0], [s0].[Id1]
FROM [Projects] AS [p]
INNER JOIN [Users] AS [u] ON [p].[OwnerId] = [u].[Id]
INNER JOIN (
    SELECT [t].[Id], [t].[ProjectId], [u1].[Id] AS [Id0], [u2].[Id] AS [Id1]
    FROM [TaskItems] AS [t]
    LEFT JOIN [Users] AS [u1] ON [t].[AssigneeId] = [u1].[Id]
    INNER JOIN [Users] AS [u2] ON [t].[ReporterId] = [u2].[Id]
) AS [s0] ON [p].[Id] = [s0].[ProjectId]
INNER JOIN [TaskAttachments] AS [t1] ON [s0].[Id] = [t1].[TaskItemId]
ORDER BY [p].[CreatedAt] DESC, [p].[Id], [u].[Id], [s0].[Id], [s0].[Id0], [s0].[Id1]
[17:44:11 INF] Executed DbCommand (2ms) [Parameters=[], CommandType='Text', CommandTimeout='30']
SELECT [u].[Id], [u].[AvatarUrl], [u].[CreatedAt], [u].[Email], [u].[FullName], [u].[IsActive], [u].[PasswordHash], [u].[Role], [u].[UpdatedAt]
FROM [Users] AS [u]
ORDER BY [u].[FullName]
[17:44:11 INF] Executed DbCommand (2ms) [Parameters=[@p='?' (DbType = Int32), @currentUserId_Value='?' (DbType = Guid)], CommandType='Text', CommandTimeout='30']
SELECT TOP(@p) CONVERT(varchar(36), [n].[Id]), [n].[Type], [n].[Message], [n].[CreatedAt]
FROM [Notifications] AS [n]
WHERE [n].[UserId] = @currentUserId_Value AND [n].[IsRead] = CAST(0 AS bit)
ORDER BY [n].[CreatedAt] DESC
[17:44:11 INF] HTTP GET /api/dashboard/overview responded 200 in 26.5787 ms
[17:44:11 INF] HTTP POST /hubs/notification/negotiate responded 200 in 2.9918 ms
[17:44:11 INF] Executed DbCommand (6ms) [Parameters=[@taskId='?' (DbType = Guid)], CommandType='Text', CommandTimeout='30']
SELECT TOP(1) [t].[Id], [t].[ActualHours], [t].[AssigneeId], [t].[ContributesToProgress], [t].[CreatedAt], [t].[Description], [t].[DownvoteCount], [t].[DueDate], [t].[EstimatedHours], [t].[ImportSessionId], [t].[IsPinned], [t].[IsPrivate], [t].[Priority], [t].[ProjectId], [t].[ReporterId], [t].[RowVersion], [t].[SortOrder], [t].[StartDate], [t].[Status], [t].[Title], [t].[UpdatedAt], [t].[UpvoteCount]
FROM [TaskItems] AS [t]
WHERE [t].[Id] = @taskId
[17:44:11 INF] Executed DbCommand (7ms) [Parameters=[@taskItemId='?' (DbType = Guid)], CommandType='Text', CommandTimeout='30']
SELECT TOP(1) [t].[Id], [t].[ActualHours], [t].[AssigneeId], [t].[ContributesToProgress], [t].[CreatedAt], [t].[Description], [t].[DownvoteCount], [t].[DueDate], [t].[EstimatedHours], [t].[ImportSessionId], [t].[IsPinned], [t].[IsPrivate], [t].[Priority], [t].[ProjectId], [t].[ReporterId], [t].[RowVersion], [t].[SortOrder], [t].[StartDate], [t].[Status], [t].[Title], [t].[UpdatedAt], [t].[UpvoteCount], [p].[Id], [p].[Code], [p].[CreatedAt], [p].[Description], [p].[EndDate], [p].[LogoUrl], [p].[Name], [p].[OrganizationId], [p].[OwnerId], [p].[StartDate], [p].[Status], [p].[UpdatedAt]
FROM [TaskItems] AS [t]
INNER JOIN [Projects] AS [p] ON [t].[ProjectId] = [p].[Id]
WHERE [t].[Id] = @taskItemId
[17:44:11 WRN] Compiling a query which loads related collections for more than one collection navigation, either via 'Include' or through projection, but no 'QuerySplittingBehavior' has been configured. By default, Entity Framework will use 'QuerySplittingBehavior.SingleQuery', which can potentially result in slow query performance. See https://go.microsoft.com/fwlink/?linkid=2134277 for more information. To identify the query that's triggering this warning call 'ConfigureWarnings(w => w.Throw(RelationalEventId.MultipleCollectionIncludeWarning))'.
[17:44:11 INF] Executed DbCommand (8ms) [Parameters=[@taskItemId='?' (DbType = Guid)], CommandType='Text', CommandTimeout='30']
SELECT [s].[Id], [s].[ActualHours], [s].[AssigneeId], [s].[ContributesToProgress], [s].[CreatedAt], [s].[Description], [s].[DownvoteCount], [s].[DueDate], [s].[EstimatedHours], [s].[ImportSessionId], [s].[IsPinned], [s].[IsPrivate], [s].[Priority], [s].[ProjectId], [s].[ReporterId], [s].[RowVersion], [s].[SortOrder], [s].[StartDate], [s].[Status], [s].[Title], [s].[UpdatedAt], [s].[UpvoteCount], [s].[Id0], [s].[Code], [s].[CreatedAt0], [s].[Description0], [s].[EndDate], [s].[LogoUrl], [s].[Name], [s].[OrganizationId], [s].[OwnerId], [s].[StartDate0], [s].[Status0], [s].[UpdatedAt0], [s].[Id1], [s].[Code0], [s].[CreatedAt1], [s].[Description1], [s].[IsActive], [s].[Name0], [s].[OwnerId0], [s].[UpdatedAt1], [t0].[Id], [t0].[AssignedAt], [t0].[AssignedByUserId], [t0].[CreatedAt], [t0].[TaskItemId], [t0].[UpdatedAt], [t0].[UserId]
FROM (
    SELECT TOP(1) [t].[Id], [t].[ActualHours], [t].[AssigneeId], [t].[ContributesToProgress], [t].[CreatedAt], [t].[Description], [t].[DownvoteCount], [t].[DueDate], [t].[EstimatedHours], [t].[ImportSessionId], [t].[IsPinned], [t].[IsPrivate], [t].[Priority], [t].[ProjectId], [t].[ReporterId], [t].[RowVersion], [t].[SortOrder], [t].[StartDate], [t].[Status], [t].[Title], [t].[UpdatedAt], [t].[UpvoteCount], [p].[Id] AS [Id0], [p].[Code], [p].[CreatedAt] AS [CreatedAt0], [p].[Description] AS [Description0], [p].[EndDate], [p].[LogoUrl], [p].[Name], [p].[OrganizationId], [p].[OwnerId], [p].[StartDate] AS [StartDate0], [p].[Status] AS [Status0], [p].[UpdatedAt] AS [UpdatedAt0], [o].[Id] AS [Id1], [o].[Code] AS [Code0], [o].[CreatedAt] AS [CreatedAt1], [o].[Description] AS [Description1], [o].[IsActive], [o].[Name] AS [Name0], [o].[OwnerId] AS [OwnerId0], [o].[UpdatedAt] AS [UpdatedAt1]
    FROM [TaskItems] AS [t]
    INNER JOIN [Projects] AS [p] ON [t].[ProjectId] = [p].[Id]
    LEFT JOIN [Organizations] AS [o] ON [p].[OrganizationId] = [o].[Id]
    WHERE [t].[Id] = @taskItemId
) AS [s]
LEFT JOIN [TaskAssignments] AS [t0] ON [s].[Id] = [t0].[TaskItemId]
ORDER BY [s].[Id], [s].[Id0], [s].[Id1]
[17:44:11 INF] Executed DbCommand (8ms) [Parameters=[@taskId='?' (DbType = Guid)], CommandType='Text', CommandTimeout='30']
SELECT [t].[Id], [t].[CreatedAt], [t].[EndedAt], [t].[ManualMinutes], [t].[Note], [t].[StartedAt], [t].[TaskId], [t].[UpdatedAt], [t].[UserId], [t0].[Id], [t0].[ActualHours], [t0].[AssigneeId], [t0].[ContributesToProgress], [t0].[CreatedAt], [t0].[Description], [t0].[DownvoteCount], [t0].[DueDate], [t0].[EstimatedHours], [t0].[ImportSessionId], [t0].[IsPinned], [t0].[IsPrivate], [t0].[Priority], [t0].[ProjectId], [t0].[ReporterId], [t0].[RowVersion], [t0].[SortOrder], [t0].[StartDate], [t0].[Status], [t0].[Title], [t0].[UpdatedAt], [t0].[UpvoteCount], [u].[Id], [u].[AvatarUrl], [u].[CreatedAt], [u].[Email], [u].[FullName], [u].[IsActive], [u].[PasswordHash], [u].[Role], [u].[UpdatedAt]
FROM [TimeEntries] AS [t]
INNER JOIN [TaskItems] AS [t0] ON [t].[TaskId] = [t0].[Id]
INNER JOIN [Users] AS [u] ON [t].[UserId] = [u].[Id]
WHERE [t].[TaskId] = @taskId
ORDER BY [t].[StartedAt] DESC
[17:44:11 INF] HTTP GET /api/tasks/10fe5b33-1965-4133-9e9e-b6db3067a9dc/time-entries responded 200 in 82.8365 ms
[17:44:11 INF] Executed DbCommand (6ms) [Parameters=[@taskItemId='?' (DbType = Guid)], CommandType='Text', CommandTimeout='30']
SELECT [t].[Id], [t].[AuthorId], [t].[Content], [t].[CreatedAt], [t].[DownvoteCount], [t].[ParentCommentId], [t].[TaskItemId], [t].[UpdatedAt], [t].[UpvoteCount], [u].[Id], [u].[AvatarUrl], [u].[CreatedAt], [u].[Email], [u].[FullName], [u].[IsActive], [u].[PasswordHash], [u].[Role], [u].[UpdatedAt], [t0].[Id], [t0].[CommentId], [t0].[ContentType], [t0].[CreatedAt], [t0].[EvidenceApprovalStatus], [t0].[EvidenceReviewNote], [t0].[EvidenceReviewedAt], [t0].[EvidenceReviewedById], [t0].[FileName], [t0].[FilePath], [t0].[FileSize], [t0].[IsEvidence], [t0].[ProjectId], [t0].[Scope], [t0].[TaskItemId], [t0].[UpdatedAt], [t0].[UploadedAt], [t0].[UploadedById]
FROM [TaskComments] AS [t]
INNER JOIN [Users] AS [u] ON [t].[AuthorId] = [u].[Id]
LEFT JOIN [TaskAttachments] AS [t0] ON [t].[Id] = [t0].[CommentId]
WHERE [t].[TaskItemId] = @taskItemId
ORDER BY [t].[CreatedAt], [t].[Id], [u].[Id]
[17:44:11 INF] HTTP GET /api/comments/task/10fe5b33-1965-4133-9e9e-b6db3067a9dc responded 200 in 93.0239 ms
[17:44:11 INF] Executed DbCommand (9ms) [Parameters=[@taskItemId='?' (DbType = Guid)], CommandType='Text', CommandTimeout='30']
SELECT [t].[Id], [t].[CommentId], [t].[ContentType], [t].[CreatedAt], [t].[EvidenceApprovalStatus], [t].[EvidenceReviewNote], [t].[EvidenceReviewedAt], [t].[EvidenceReviewedById], [t].[FileName], [t].[FilePath], [t].[FileSize], [t].[IsEvidence], [t].[ProjectId], [t].[Scope], [t].[TaskItemId], [t].[UpdatedAt], [t].[UploadedAt], [t].[UploadedById], [u].[Id], [u].[AvatarUrl], [u].[CreatedAt], [u].[Email], [u].[FullName], [u].[IsActive], [u].[PasswordHash], [u].[Role], [u].[UpdatedAt], [u0].[Id], [u0].[AvatarUrl], [u0].[CreatedAt], [u0].[Email], [u0].[FullName], [u0].[IsActive], [u0].[PasswordHash], [u0].[Role], [u0].[UpdatedAt]
FROM [TaskAttachments] AS [t]
INNER JOIN [Users] AS [u] ON [t].[UploadedById] = [u].[Id]
LEFT JOIN [Users] AS [u0] ON [t].[EvidenceReviewedById] = [u0].[Id]
WHERE [t].[TaskItemId] = @taskItemId
ORDER BY [t].[UploadedAt] DESC
[17:44:11 INF] HTTP GET /api/attachments/task/10fe5b33-1965-4133-9e9e-b6db3067a9dc responded 200 in 113.3627 ms
[17:44:11 INF] Executed DbCommand (14ms) [Parameters=[@taskId='?' (DbType = Guid), @projectId='?' (DbType = Guid)], CommandType='Text', CommandTimeout='30']
SELECT [s].[Id], [s].[ActualHours], [s].[AssigneeId], [s].[ContributesToProgress], [s].[CreatedAt], [s].[Description], [s].[DownvoteCount], [s].[DueDate], [s].[EstimatedHours], [s].[ImportSessionId], [s].[IsPinned], [s].[IsPrivate], [s].[Priority], [s].[ProjectId], [s].[ReporterId], [s].[RowVersion], [s].[SortOrder], [s].[StartDate], [s].[Status], [s].[Title], [s].[UpdatedAt], [s].[UpvoteCount], [s].[Id0], [s].[Code], [s].[CreatedAt0], [s].[Description0], [s].[EndDate], [s].[LogoUrl], [s].[Name], [s].[OrganizationId], [s].[OwnerId], [s].[StartDate0], [s].[Status0], [s].[UpdatedAt0], [s].[Id1], [s].[AvatarUrl], [s].[CreatedAt1], [s].[Email], [s].[FullName], [s].[IsActive], [s].[PasswordHash], [s].[Role], [s].[UpdatedAt1], [s].[Id2], [s0].[Id], [s0].[AssignedAt], [s0].[AssignedByUserId], [s0].[CreatedAt], [s0].[TaskItemId], [s0].[UpdatedAt], [s0].[UserId], [s0].[Id0], [s0].[AvatarUrl], [s0].[CreatedAt0], [s0].[Email], [s0].[FullName], [s0].[IsActive], [s0].[PasswordHash], [s0].[Role], [s0].[UpdatedAt0], [s].[AvatarUrl0], [s].[CreatedAt2], [s].[Email0], [s].[FullName0], [s].[IsActive0], [s].[PasswordHash0], [s].[Role0], [s].[UpdatedAt2], [s1].[Id], [s1].[CreatedAt], [s1].[ProjectLabelId], [s1].[TaskItemId], [s1].[UpdatedAt], [s1].[Id0], [s1].[Color], [s1].[CreatedAt0], [s1].[Name], [s1].[ProjectId], [s1].[UpdatedAt0], [t2].[Id], [t2].[AuthorId], [t2].[Content], [t2].[CreatedAt], [t2].[DownvoteCount], [t2].[ParentCommentId], [t2].[TaskItemId], [t2].[UpdatedAt], [t2].[UpvoteCount], [t3].[Id], [t3].[CommentId], [t3].[ContentType], [t3].[CreatedAt], [t3].[EvidenceApprovalStatus], [t3].[EvidenceReviewNote], [t3].[EvidenceReviewedAt], [t3].[EvidenceReviewedById], [t3].[FileName], [t3].[FilePath], [t3].[FileSize], [t3].[IsEvidence], [t3].[ProjectId], [t3].[Scope], [t3].[TaskItemId], [t3].[UpdatedAt], [t3].[UploadedAt], [t3].[UploadedById]
FROM (
    SELECT TOP(1) [t].[Id], [t].[ActualHours], [t].[AssigneeId], [t].[ContributesToProgress], [t].[CreatedAt], [t].[Description], [t].[DownvoteCount], [t].[DueDate], [t].[EstimatedHours], [t].[ImportSessionId], [t].[IsPinned], [t].[IsPrivate], [t].[Priority], [t].[ProjectId], [t].[ReporterId], [t].[RowVersion], [t].[SortOrder], [t].[StartDate], [t].[Status], [t].[Title], [t].[UpdatedAt], [t].[UpvoteCount], [p].[Id] AS [Id0], [p].[Code], [p].[CreatedAt] AS [CreatedAt0], [p].[Description] AS [Description0], [p].[EndDate], [p].[LogoUrl], [p].[Name], [p].[OrganizationId], [p].[OwnerId], [p].[StartDate] AS [StartDate0], [p].[Status] AS [Status0], [p].[UpdatedAt] AS [UpdatedAt0], [u].[Id] AS [Id1], [u].[AvatarUrl], [u].[CreatedAt] AS [CreatedAt1], [u].[Email], [u].[FullName], [u].[IsActive], [u].[PasswordHash], [u].[Role], [u].[UpdatedAt] AS [UpdatedAt1], [u0].[Id] AS [Id2], [u0].[AvatarUrl] AS [AvatarUrl0], [u0].[CreatedAt] AS [CreatedAt2], [u0].[Email] AS [Email0], [u0].[FullName] AS [FullName0], [u0].[IsActive] AS [IsActive0], [u0].[PasswordHash] AS [PasswordHash0], [u0].[Role] AS [Role0], [u0].[UpdatedAt] AS [UpdatedAt2]
    FROM [TaskItems] AS [t]
    INNER JOIN [Projects] AS [p] ON [t].[ProjectId] = [p].[Id]
    LEFT JOIN [Users] AS [u] ON [t].[AssigneeId] = [u].[Id]
    INNER JOIN [Users] AS [u0] ON [t].[ReporterId] = [u0].[Id]
    WHERE [t].[Id] = @taskId AND [t].[ProjectId] = @projectId
) AS [s]
LEFT JOIN (
    SELECT [t0].[Id], [t0].[AssignedAt], [t0].[AssignedByUserId], [t0].[CreatedAt], [t0].[TaskItemId], [t0].[UpdatedAt], [t0].[UserId], [u1].[Id] AS [Id0], [u1].[AvatarUrl], [u1].[CreatedAt] AS [CreatedAt0], [u1].[Email], [u1].[FullName], [u1].[IsActive], [u1].[PasswordHash], [u1].[Role], [u1].[UpdatedAt] AS [UpdatedAt0]
    FROM [TaskAssignments] AS [t0]
    INNER JOIN [Users] AS [u1] ON [t0].[UserId] = [u1].[Id]
) AS [s0] ON [s].[Id] = [s0].[TaskItemId]
LEFT JOIN (
    SELECT [t1].[Id], [t1].[CreatedAt], [t1].[ProjectLabelId], [t1].[TaskItemId], [t1].[UpdatedAt], [p0].[Id] AS [Id0], [p0].[Color], [p0].[CreatedAt] AS [CreatedAt0], [p0].[Name], [p0].[ProjectId], [p0].[UpdatedAt] AS [UpdatedAt0]
    FROM [TaskLabels] AS [t1]
    INNER JOIN [ProjectLabels] AS [p0] ON [t1].[ProjectLabelId] = [p0].[Id]
) AS [s1] ON [s].[Id] = [s1].[TaskItemId]
LEFT JOIN [TaskComments] AS [t2] ON [s].[Id] = [t2].[TaskItemId]
LEFT JOIN [TaskAttachments] AS [t3] ON [s].[Id] = [t3].[TaskItemId]
ORDER BY [s].[Id], [s].[Id0], [s].[Id1], [s].[Id2], [s0].[Id], [s0].[Id0], [s1].[Id], [s1].[Id0], [t2].[Id]
[17:44:11 INF] Executed DbCommand (3ms) [Parameters=[@taskId='?' (DbType = Guid), @currentUserId_Value='?' (DbType = Guid)], CommandType='Text', CommandTimeout='30']
SELECT TOP(1) [t].[Id], [t].[CreatedAt], [t].[TaskItemId], [t].[UpdatedAt], [t].[UserId], [t].[ViewCount], [t].[ViewedAt]
FROM [TaskViewEvents] AS [t]
WHERE [t].[TaskItemId] = @taskId AND [t].[UserId] = @currentUserId_Value
[17:44:11 INF] Executed DbCommand (19ms) [Parameters=[@p6='?' (DbType = Guid), @p0='?' (DbType = DateTimeOffset), @p1='?' (DbType = Guid), @p2='?' (DbType = DateTimeOffset), @p3='?' (DbType = Guid), @p4='?' (DbType = Int32), @p5='?' (DbType = DateTimeOffset)], CommandType='Text', CommandTimeout='30']
SET IMPLICIT_TRANSACTIONS OFF;
SET NOCOUNT ON;
UPDATE [TaskViewEvents] SET [CreatedAt] = @p0, [TaskItemId] = @p1, [UpdatedAt] = @p2, [UserId] = @p3, [ViewCount] = @p4, [ViewedAt] = @p5
OUTPUT 1
WHERE [Id] = @p6;
[17:44:11 INF] HTTP POST /api/projects/90df9211-b400-4661-8db6-1a362d208892/tasks/10fe5b33-1965-4133-9e9e-b6db3067a9dc/viewed responded 200 in 260.8007 ms
[17:44:48 INF] HTTP GET / responded 200 in 33.9053 ms
[17:44:48 INF] HTTP GET /dist/assets/DashboardPage.js responded 304 in 0.6402 ms
[17:44:48 INF] HTTP GET /dist/assets/ProjectToolbar.vue_vue_type_script_setup_true_lang.js responded 304 in 0.2528 ms
[17:44:48 INF] Executed DbCommand (4ms) [Parameters=[], CommandType='Text', CommandTimeout='30']
SELECT [p].[Id], [p].[Code], [p].[CreatedAt], [p].[Description], [p].[EndDate], [p].[LogoUrl], [p].[Name], [p].[OrganizationId], [p].[OwnerId], [p].[StartDate], [p].[Status], [p].[UpdatedAt], [u].[Id], [u].[AvatarUrl], [u].[CreatedAt], [u].[Email], [u].[FullName], [u].[IsActive], [u].[PasswordHash], [u].[Role], [u].[UpdatedAt]
FROM [Projects] AS [p]
INNER JOIN [Users] AS [u] ON [p].[OwnerId] = [u].[Id]
ORDER BY [p].[CreatedAt] DESC, [p].[Id], [u].[Id]
[17:44:48 INF] Executed DbCommand (4ms) [Parameters=[@p='?' (DbType = Int32), @userId='?' (DbType = Guid)], CommandType='Text', CommandTimeout='30']
SELECT TOP(@p) [n].[Id], [n].[CreatedAt], [n].[IsRead], [n].[Message], [n].[RelatedEntityId], [n].[RelatedEntityType], [n].[Type], [n].[UpdatedAt], [n].[UserId]
FROM [Notifications] AS [n]
WHERE [n].[UserId] = @userId
ORDER BY [n].[CreatedAt] DESC
[17:44:48 INF] Executed DbCommand (5ms) [Parameters=[], CommandType='Text', CommandTimeout='30']
SELECT [u].[Id], [u].[AvatarUrl], [u].[CreatedAt], [u].[Email], [u].[FullName], [u].[IsActive], [u].[PasswordHash], [u].[Role], [u].[UpdatedAt]
FROM [Users] AS [u]
WHERE [u].[IsActive] = CAST(1 AS bit)
ORDER BY [u].[FullName]
[17:44:48 INF] HTTP GET /api/notifications responded 200 in 14.1749 ms
[17:44:48 INF] Executed DbCommand (3ms) [Parameters=[], CommandType='Text', CommandTimeout='30']
SELECT [s].[Id], [s].[CanNudgeAssignee], [s].[CanViewProjectTimeline], [s].[CanViewTaskRisk], [s].[CanViewUnseenTaskSignal], [s].[CreatedAt], [s].[JoinedAt], [s].[ProjectId], [s].[Role], [s].[UpdatedAt], [s].[UserId], [s].[Id0], [s].[AvatarUrl], [s].[CreatedAt0], [s].[Email], [s].[FullName], [s].[IsActive], [s].[PasswordHash], [s].[Role0], [s].[UpdatedAt0], [p].[Id], [u].[Id]
FROM [Projects] AS [p]
INNER JOIN [Users] AS [u] ON [p].[OwnerId] = [u].[Id]
INNER JOIN (
    SELECT [p0].[Id], [p0].[CanNudgeAssignee], [p0].[CanViewProjectTimeline], [p0].[CanViewTaskRisk], [p0].[CanViewUnseenTaskSignal], [p0].[CreatedAt], [p0].[JoinedAt], [p0].[ProjectId], [p0].[Role], [p0].[UpdatedAt], [p0].[UserId], [u0].[Id] AS [Id0], [u0].[AvatarUrl], [u0].[CreatedAt] AS [CreatedAt0], [u0].[Email], [u0].[FullName], [u0].[IsActive], [u0].[PasswordHash], [u0].[Role] AS [Role0], [u0].[UpdatedAt] AS [UpdatedAt0]
    FROM [ProjectMembers] AS [p0]
    INNER JOIN [Users] AS [u0] ON [p0].[UserId] = [u0].[Id]
) AS [s] ON [p].[Id] = [s].[ProjectId]
ORDER BY [p].[CreatedAt] DESC, [p].[Id], [u].[Id]
[17:44:48 INF] HTTP GET /api/users responded 200 in 16.1381 ms
[17:44:48 INF] Executed DbCommand (5ms) [Parameters=[], CommandType='Text', CommandTimeout='30']
SELECT [s0].[Id], [s0].[ActualHours], [s0].[AssigneeId], [s0].[ContributesToProgress], [s0].[CreatedAt], [s0].[Description], [s0].[DownvoteCount], [s0].[DueDate], [s0].[EstimatedHours], [s0].[ImportSessionId], [s0].[IsPinned], [s0].[IsPrivate], [s0].[Priority], [s0].[ProjectId], [s0].[ReporterId], [s0].[RowVersion], [s0].[SortOrder], [s0].[StartDate], [s0].[Status], [s0].[Title], [s0].[UpdatedAt], [s0].[UpvoteCount], [s0].[Id0], [s0].[AvatarUrl], [s0].[CreatedAt0], [s0].[Email], [s0].[FullName], [s0].[IsActive], [s0].[PasswordHash], [s0].[Role], [s0].[UpdatedAt0], [s0].[Id1], [s0].[AvatarUrl0], [s0].[CreatedAt1], [s0].[Email0], [s0].[FullName0], [s0].[IsActive0], [s0].[PasswordHash0], [s0].[Role0], [s0].[UpdatedAt1], [p].[Id], [u].[Id]
FROM [Projects] AS [p]
INNER JOIN [Users] AS [u] ON [p].[OwnerId] = [u].[Id]
INNER JOIN (
    SELECT [t].[Id], [t].[ActualHours], [t].[AssigneeId], [t].[ContributesToProgress], [t].[CreatedAt], [t].[Description], [t].[DownvoteCount], [t].[DueDate], [t].[EstimatedHours], [t].[ImportSessionId], [t].[IsPinned], [t].[IsPrivate], [t].[Priority], [t].[ProjectId], [t].[ReporterId], [t].[RowVersion], [t].[SortOrder], [t].[StartDate], [t].[Status], [t].[Title], [t].[UpdatedAt], [t].[UpvoteCount], [u1].[Id] AS [Id0], [u1].[AvatarUrl], [u1].[CreatedAt] AS [CreatedAt0], [u1].[Email], [u1].[FullName], [u1].[IsActive], [u1].[PasswordHash], [u1].[Role], [u1].[UpdatedAt] AS [UpdatedAt0], [u2].[Id] AS [Id1], [u2].[AvatarUrl] AS [AvatarUrl0], [u2].[CreatedAt] AS [CreatedAt1], [u2].[Email] AS [Email0], [u2].[FullName] AS [FullName0], [u2].[IsActive] AS [IsActive0], [u2].[PasswordHash] AS [PasswordHash0], [u2].[Role] AS [Role0], [u2].[UpdatedAt] AS [UpdatedAt1]
    FROM [TaskItems] AS [t]
    LEFT JOIN [Users] AS [u1] ON [t].[AssigneeId] = [u1].[Id]
    INNER JOIN [Users] AS [u2] ON [t].[ReporterId] = [u2].[Id]
) AS [s0] ON [p].[Id] = [s0].[ProjectId]
ORDER BY [p].[CreatedAt] DESC, [p].[Id], [u].[Id], [s0].[Id], [s0].[Id0], [s0].[Id1]
[17:44:48 INF] Executed DbCommand (2ms) [Parameters=[], CommandType='Text', CommandTimeout='30']
SELECT [t0].[Id], [t0].[AuthorId], [t0].[Content], [t0].[CreatedAt], [t0].[DownvoteCount], [t0].[ParentCommentId], [t0].[TaskItemId], [t0].[UpdatedAt], [t0].[UpvoteCount], [p].[Id], [u].[Id], [s0].[Id], [s0].[Id0], [s0].[Id1]
FROM [Projects] AS [p]
INNER JOIN [Users] AS [u] ON [p].[OwnerId] = [u].[Id]
INNER JOIN (
    SELECT [t].[Id], [t].[ProjectId], [u1].[Id] AS [Id0], [u2].[Id] AS [Id1]
    FROM [TaskItems] AS [t]
    LEFT JOIN [Users] AS [u1] ON [t].[AssigneeId] = [u1].[Id]
    INNER JOIN [Users] AS [u2] ON [t].[ReporterId] = [u2].[Id]
) AS [s0] ON [p].[Id] = [s0].[ProjectId]
INNER JOIN [TaskComments] AS [t0] ON [s0].[Id] = [t0].[TaskItemId]
ORDER BY [p].[CreatedAt] DESC, [p].[Id], [u].[Id], [s0].[Id], [s0].[Id0], [s0].[Id1]
[17:44:48 INF] Executed DbCommand (2ms) [Parameters=[@p='?' (DbType = Guid)], CommandType='Text', CommandTimeout='30']
SELECT TOP(1) [u].[Id], [u].[AvatarUrl], [u].[CreatedAt], [u].[Email], [u].[FullName], [u].[IsActive], [u].[PasswordHash], [u].[Role], [u].[UpdatedAt]
FROM [Users] AS [u]
WHERE [u].[Id] = @p
[17:44:48 INF] Executed DbCommand (3ms) [Parameters=[], CommandType='Text', CommandTimeout='30']
SELECT [t1].[Id], [t1].[CommentId], [t1].[ContentType], [t1].[CreatedAt], [t1].[EvidenceApprovalStatus], [t1].[EvidenceReviewNote], [t1].[EvidenceReviewedAt], [t1].[EvidenceReviewedById], [t1].[FileName], [t1].[FilePath], [t1].[FileSize], [t1].[IsEvidence], [t1].[ProjectId], [t1].[Scope], [t1].[TaskItemId], [t1].[UpdatedAt], [t1].[UploadedAt], [t1].[UploadedById], [p].[Id], [u].[Id], [s0].[Id], [s0].[Id0], [s0].[Id1]
FROM [Projects] AS [p]
INNER JOIN [Users] AS [u] ON [p].[OwnerId] = [u].[Id]
INNER JOIN (
    SELECT [t].[Id], [t].[ProjectId], [u1].[Id] AS [Id0], [u2].[Id] AS [Id1]
    FROM [TaskItems] AS [t]
    LEFT JOIN [Users] AS [u1] ON [t].[AssigneeId] = [u1].[Id]
    INNER JOIN [Users] AS [u2] ON [t].[ReporterId] = [u2].[Id]
) AS [s0] ON [p].[Id] = [s0].[ProjectId]
INNER JOIN [TaskAttachments] AS [t1] ON [s0].[Id] = [t1].[TaskItemId]
ORDER BY [p].[CreatedAt] DESC, [p].[Id], [u].[Id], [s0].[Id], [s0].[Id0], [s0].[Id1]
[17:44:48 INF] HTTP GET /api/auth/me responded 200 in 35.5057 ms
[17:44:48 INF] Executed DbCommand (3ms) [Parameters=[], CommandType='Text', CommandTimeout='30']
SELECT [u].[Id], [u].[AvatarUrl], [u].[CreatedAt], [u].[Email], [u].[FullName], [u].[IsActive], [u].[PasswordHash], [u].[Role], [u].[UpdatedAt]
FROM [Users] AS [u]
ORDER BY [u].[FullName]
[17:44:48 INF] Executed DbCommand (3ms) [Parameters=[@p='?' (DbType = Int32), @currentUserId_Value='?' (DbType = Guid)], CommandType='Text', CommandTimeout='30']
SELECT TOP(@p) CONVERT(varchar(36), [n].[Id]), [n].[Type], [n].[Message], [n].[CreatedAt]
FROM [Notifications] AS [n]
WHERE [n].[UserId] = @currentUserId_Value AND [n].[IsRead] = CAST(0 AS bit)
ORDER BY [n].[CreatedAt] DESC
[17:44:48 INF] HTTP GET /api/dashboard/overview responded 200 in 50.2200 ms
[17:44:48 INF] Executed DbCommand (2ms) [Parameters=[@p='?' (DbType = Guid)], CommandType='Text', CommandTimeout='30']
SELECT TOP(1) [u].[Id], [u].[AvatarUrl], [u].[CreatedAt], [u].[Email], [u].[FullName], [u].[IsActive], [u].[PasswordHash], [u].[Role], [u].[UpdatedAt]
FROM [Users] AS [u]
WHERE [u].[Id] = @p
[17:44:48 INF] Executed DbCommand (3ms) [Parameters=[@p='?' (DbType = Int32), @userId='?' (DbType = Guid)], CommandType='Text', CommandTimeout='30']
SELECT TOP(@p) [n].[Id], [n].[CreatedAt], [n].[IsRead], [n].[Message], [n].[RelatedEntityId], [n].[RelatedEntityType], [n].[Type], [n].[UpdatedAt], [n].[UserId]
FROM [Notifications] AS [n]
WHERE [n].[UserId] = @userId
ORDER BY [n].[CreatedAt] DESC
[17:44:48 INF] Executed DbCommand (4ms) [Parameters=[], CommandType='Text', CommandTimeout='30']
SELECT [p].[Id], [p].[Code], [p].[CreatedAt], [p].[Description], [p].[EndDate], [p].[LogoUrl], [p].[Name], [p].[OrganizationId], [p].[OwnerId], [p].[StartDate], [p].[Status], [p].[UpdatedAt], [u].[Id], [u].[AvatarUrl], [u].[CreatedAt], [u].[Email], [u].[FullName], [u].[IsActive], [u].[PasswordHash], [u].[Role], [u].[UpdatedAt]
FROM [Projects] AS [p]
INNER JOIN [Users] AS [u] ON [p].[OwnerId] = [u].[Id]
ORDER BY [p].[CreatedAt] DESC, [p].[Id], [u].[Id]
[17:44:48 INF] Executed DbCommand (4ms) [Parameters=[], CommandType='Text', CommandTimeout='30']
SELECT [u].[Id], [u].[AvatarUrl], [u].[CreatedAt], [u].[Email], [u].[FullName], [u].[IsActive], [u].[PasswordHash], [u].[Role], [u].[UpdatedAt]
FROM [Users] AS [u]
WHERE [u].[IsActive] = CAST(1 AS bit)
ORDER BY [u].[FullName]
[17:44:48 INF] HTTP GET /api/auth/me responded 200 in 12.3657 ms
[17:44:48 INF] HTTP GET /api/users responded 200 in 14.4235 ms
[17:44:48 INF] HTTP GET /api/notifications responded 200 in 14.3597 ms
[17:44:48 INF] Executed DbCommand (3ms) [Parameters=[], CommandType='Text', CommandTimeout='30']
SELECT [s].[Id], [s].[CanNudgeAssignee], [s].[CanViewProjectTimeline], [s].[CanViewTaskRisk], [s].[CanViewUnseenTaskSignal], [s].[CreatedAt], [s].[JoinedAt], [s].[ProjectId], [s].[Role], [s].[UpdatedAt], [s].[UserId], [s].[Id0], [s].[AvatarUrl], [s].[CreatedAt0], [s].[Email], [s].[FullName], [s].[IsActive], [s].[PasswordHash], [s].[Role0], [s].[UpdatedAt0], [p].[Id], [u].[Id]
FROM [Projects] AS [p]
INNER JOIN [Users] AS [u] ON [p].[OwnerId] = [u].[Id]
INNER JOIN (
    SELECT [p0].[Id], [p0].[CanNudgeAssignee], [p0].[CanViewProjectTimeline], [p0].[CanViewTaskRisk], [p0].[CanViewUnseenTaskSignal], [p0].[CreatedAt], [p0].[JoinedAt], [p0].[ProjectId], [p0].[Role], [p0].[UpdatedAt], [p0].[UserId], [u0].[Id] AS [Id0], [u0].[AvatarUrl], [u0].[CreatedAt] AS [CreatedAt0], [u0].[Email], [u0].[FullName], [u0].[IsActive], [u0].[PasswordHash], [u0].[Role] AS [Role0], [u0].[UpdatedAt] AS [UpdatedAt0]
    FROM [ProjectMembers] AS [p0]
    INNER JOIN [Users] AS [u0] ON [p0].[UserId] = [u0].[Id]
) AS [s] ON [p].[Id] = [s].[ProjectId]
ORDER BY [p].[CreatedAt] DESC, [p].[Id], [u].[Id]
[17:44:48 INF] Executed DbCommand (2ms) [Parameters=[], CommandType='Text', CommandTimeout='30']
SELECT [s0].[Id], [s0].[ActualHours], [s0].[AssigneeId], [s0].[ContributesToProgress], [s0].[CreatedAt], [s0].[Description], [s0].[DownvoteCount], [s0].[DueDate], [s0].[EstimatedHours], [s0].[ImportSessionId], [s0].[IsPinned], [s0].[IsPrivate], [s0].[Priority], [s0].[ProjectId], [s0].[ReporterId], [s0].[RowVersion], [s0].[SortOrder], [s0].[StartDate], [s0].[Status], [s0].[Title], [s0].[UpdatedAt], [s0].[UpvoteCount], [s0].[Id0], [s0].[AvatarUrl], [s0].[CreatedAt0], [s0].[Email], [s0].[FullName], [s0].[IsActive], [s0].[PasswordHash], [s0].[Role], [s0].[UpdatedAt0], [s0].[Id1], [s0].[AvatarUrl0], [s0].[CreatedAt1], [s0].[Email0], [s0].[FullName0], [s0].[IsActive0], [s0].[PasswordHash0], [s0].[Role0], [s0].[UpdatedAt1], [p].[Id], [u].[Id]
FROM [Projects] AS [p]
INNER JOIN [Users] AS [u] ON [p].[OwnerId] = [u].[Id]
INNER JOIN (
    SELECT [t].[Id], [t].[ActualHours], [t].[AssigneeId], [t].[ContributesToProgress], [t].[CreatedAt], [t].[Description], [t].[DownvoteCount], [t].[DueDate], [t].[EstimatedHours], [t].[ImportSessionId], [t].[IsPinned], [t].[IsPrivate], [t].[Priority], [t].[ProjectId], [t].[ReporterId], [t].[RowVersion], [t].[SortOrder], [t].[StartDate], [t].[Status], [t].[Title], [t].[UpdatedAt], [t].[UpvoteCount], [u1].[Id] AS [Id0], [u1].[AvatarUrl], [u1].[CreatedAt] AS [CreatedAt0], [u1].[Email], [u1].[FullName], [u1].[IsActive], [u1].[PasswordHash], [u1].[Role], [u1].[UpdatedAt] AS [UpdatedAt0], [u2].[Id] AS [Id1], [u2].[AvatarUrl] AS [AvatarUrl0], [u2].[CreatedAt] AS [CreatedAt1], [u2].[Email] AS [Email0], [u2].[FullName] AS [FullName0], [u2].[IsActive] AS [IsActive0], [u2].[PasswordHash] AS [PasswordHash0], [u2].[Role] AS [Role0], [u2].[UpdatedAt] AS [UpdatedAt1]
    FROM [TaskItems] AS [t]
    LEFT JOIN [Users] AS [u1] ON [t].[AssigneeId] = [u1].[Id]
    INNER JOIN [Users] AS [u2] ON [t].[ReporterId] = [u2].[Id]
) AS [s0] ON [p].[Id] = [s0].[ProjectId]
ORDER BY [p].[CreatedAt] DESC, [p].[Id], [u].[Id], [s0].[Id], [s0].[Id0], [s0].[Id1]
[17:44:48 INF] Executed DbCommand (2ms) [Parameters=[], CommandType='Text', CommandTimeout='30']
SELECT [t0].[Id], [t0].[AuthorId], [t0].[Content], [t0].[CreatedAt], [t0].[DownvoteCount], [t0].[ParentCommentId], [t0].[TaskItemId], [t0].[UpdatedAt], [t0].[UpvoteCount], [p].[Id], [u].[Id], [s0].[Id], [s0].[Id0], [s0].[Id1]
FROM [Projects] AS [p]
INNER JOIN [Users] AS [u] ON [p].[OwnerId] = [u].[Id]
INNER JOIN (
    SELECT [t].[Id], [t].[ProjectId], [u1].[Id] AS [Id0], [u2].[Id] AS [Id1]
    FROM [TaskItems] AS [t]
    LEFT JOIN [Users] AS [u1] ON [t].[AssigneeId] = [u1].[Id]
    INNER JOIN [Users] AS [u2] ON [t].[ReporterId] = [u2].[Id]
) AS [s0] ON [p].[Id] = [s0].[ProjectId]
INNER JOIN [TaskComments] AS [t0] ON [s0].[Id] = [t0].[TaskItemId]
ORDER BY [p].[CreatedAt] DESC, [p].[Id], [u].[Id], [s0].[Id], [s0].[Id0], [s0].[Id1]
[17:44:48 INF] Executed DbCommand (2ms) [Parameters=[], CommandType='Text', CommandTimeout='30']
SELECT [t1].[Id], [t1].[CommentId], [t1].[ContentType], [t1].[CreatedAt], [t1].[EvidenceApprovalStatus], [t1].[EvidenceReviewNote], [t1].[EvidenceReviewedAt], [t1].[EvidenceReviewedById], [t1].[FileName], [t1].[FilePath], [t1].[FileSize], [t1].[IsEvidence], [t1].[ProjectId], [t1].[Scope], [t1].[TaskItemId], [t1].[UpdatedAt], [t1].[UploadedAt], [t1].[UploadedById], [p].[Id], [u].[Id], [s0].[Id], [s0].[Id0], [s0].[Id1]
FROM [Projects] AS [p]
INNER JOIN [Users] AS [u] ON [p].[OwnerId] = [u].[Id]
INNER JOIN (
    SELECT [t].[Id], [t].[ProjectId], [u1].[Id] AS [Id0], [u2].[Id] AS [Id1]
    FROM [TaskItems] AS [t]
    LEFT JOIN [Users] AS [u1] ON [t].[AssigneeId] = [u1].[Id]
    INNER JOIN [Users] AS [u2] ON [t].[ReporterId] = [u2].[Id]
) AS [s0] ON [p].[Id] = [s0].[ProjectId]
INNER JOIN [TaskAttachments] AS [t1] ON [s0].[Id] = [t1].[TaskItemId]
ORDER BY [p].[CreatedAt] DESC, [p].[Id], [u].[Id], [s0].[Id], [s0].[Id0], [s0].[Id1]
[17:44:48 INF] Executed DbCommand (4ms) [Parameters=[], CommandType='Text', CommandTimeout='30']
SELECT [u].[Id], [u].[AvatarUrl], [u].[CreatedAt], [u].[Email], [u].[FullName], [u].[IsActive], [u].[PasswordHash], [u].[Role], [u].[UpdatedAt]
FROM [Users] AS [u]
ORDER BY [u].[FullName]
[17:44:48 INF] Executed DbCommand (2ms) [Parameters=[@p='?' (DbType = Int32), @currentUserId_Value='?' (DbType = Guid)], CommandType='Text', CommandTimeout='30']
SELECT TOP(@p) CONVERT(varchar(36), [n].[Id]), [n].[Type], [n].[Message], [n].[CreatedAt]
FROM [Notifications] AS [n]
WHERE [n].[UserId] = @currentUserId_Value AND [n].[IsRead] = CAST(0 AS bit)
ORDER BY [n].[CreatedAt] DESC
[17:44:48 INF] HTTP GET /api/dashboard/overview responded 200 in 44.0471 ms
[17:44:48 INF] HTTP POST /hubs/notification/negotiate responded 200 in 3.5323 ms
[17:44:48 INF] HTTP POST /hubs/notification/negotiate responded 200 in 12.1605 ms
[17:44:48 INF] Executed DbCommand (6ms) [Parameters=[@taskItemId='?' (DbType = Guid)], CommandType='Text', CommandTimeout='30']
SELECT TOP(1) [t].[Id], [t].[ActualHours], [t].[AssigneeId], [t].[ContributesToProgress], [t].[CreatedAt], [t].[Description], [t].[DownvoteCount], [t].[DueDate], [t].[EstimatedHours], [t].[ImportSessionId], [t].[IsPinned], [t].[IsPrivate], [t].[Priority], [t].[ProjectId], [t].[ReporterId], [t].[RowVersion], [t].[SortOrder], [t].[StartDate], [t].[Status], [t].[Title], [t].[UpdatedAt], [t].[UpvoteCount], [p].[Id], [p].[Code], [p].[CreatedAt], [p].[Description], [p].[EndDate], [p].[LogoUrl], [p].[Name], [p].[OrganizationId], [p].[OwnerId], [p].[StartDate], [p].[Status], [p].[UpdatedAt]
FROM [TaskItems] AS [t]
INNER JOIN [Projects] AS [p] ON [t].[ProjectId] = [p].[Id]
WHERE [t].[Id] = @taskItemId
[17:44:48 INF] Executed DbCommand (2ms) [Parameters=[@taskItemId='?' (DbType = Guid)], CommandType='Text', CommandTimeout='30']
SELECT [s].[Id], [s].[ActualHours], [s].[AssigneeId], [s].[ContributesToProgress], [s].[CreatedAt], [s].[Description], [s].[DownvoteCount], [s].[DueDate], [s].[EstimatedHours], [s].[ImportSessionId], [s].[IsPinned], [s].[IsPrivate], [s].[Priority], [s].[ProjectId], [s].[ReporterId], [s].[RowVersion], [s].[SortOrder], [s].[StartDate], [s].[Status], [s].[Title], [s].[UpdatedAt], [s].[UpvoteCount], [s].[Id0], [s].[Code], [s].[CreatedAt0], [s].[Description0], [s].[EndDate], [s].[LogoUrl], [s].[Name], [s].[OrganizationId], [s].[OwnerId], [s].[StartDate0], [s].[Status0], [s].[UpdatedAt0], [s].[Id1], [s].[Code0], [s].[CreatedAt1], [s].[Description1], [s].[IsActive], [s].[Name0], [s].[OwnerId0], [s].[UpdatedAt1], [t0].[Id], [t0].[AssignedAt], [t0].[AssignedByUserId], [t0].[CreatedAt], [t0].[TaskItemId], [t0].[UpdatedAt], [t0].[UserId]
FROM (
    SELECT TOP(1) [t].[Id], [t].[ActualHours], [t].[AssigneeId], [t].[ContributesToProgress], [t].[CreatedAt], [t].[Description], [t].[DownvoteCount], [t].[DueDate], [t].[EstimatedHours], [t].[ImportSessionId], [t].[IsPinned], [t].[IsPrivate], [t].[Priority], [t].[ProjectId], [t].[ReporterId], [t].[RowVersion], [t].[SortOrder], [t].[StartDate], [t].[Status], [t].[Title], [t].[UpdatedAt], [t].[UpvoteCount], [p].[Id] AS [Id0], [p].[Code], [p].[CreatedAt] AS [CreatedAt0], [p].[Description] AS [Description0], [p].[EndDate], [p].[LogoUrl], [p].[Name], [p].[OrganizationId], [p].[OwnerId], [p].[StartDate] AS [StartDate0], [p].[Status] AS [Status0], [p].[UpdatedAt] AS [UpdatedAt0], [o].[Id] AS [Id1], [o].[Code] AS [Code0], [o].[CreatedAt] AS [CreatedAt1], [o].[Description] AS [Description1], [o].[IsActive], [o].[Name] AS [Name0], [o].[OwnerId] AS [OwnerId0], [o].[UpdatedAt] AS [UpdatedAt1]
    FROM [TaskItems] AS [t]
    INNER JOIN [Projects] AS [p] ON [t].[ProjectId] = [p].[Id]
    LEFT JOIN [Organizations] AS [o] ON [p].[OrganizationId] = [o].[Id]
    WHERE [t].[Id] = @taskItemId
) AS [s]
LEFT JOIN [TaskAssignments] AS [t0] ON [s].[Id] = [t0].[TaskItemId]
ORDER BY [s].[Id], [s].[Id0], [s].[Id1]
[17:44:48 INF] Executed DbCommand (45ms) [Parameters=[@taskItemId='?' (DbType = Guid)], CommandType='Text', CommandTimeout='30']
SELECT [t].[Id], [t].[AuthorId], [t].[Content], [t].[CreatedAt], [t].[DownvoteCount], [t].[ParentCommentId], [t].[TaskItemId], [t].[UpdatedAt], [t].[UpvoteCount], [u].[Id], [u].[AvatarUrl], [u].[CreatedAt], [u].[Email], [u].[FullName], [u].[IsActive], [u].[PasswordHash], [u].[Role], [u].[UpdatedAt], [t0].[Id], [t0].[CommentId], [t0].[ContentType], [t0].[CreatedAt], [t0].[EvidenceApprovalStatus], [t0].[EvidenceReviewNote], [t0].[EvidenceReviewedAt], [t0].[EvidenceReviewedById], [t0].[FileName], [t0].[FilePath], [t0].[FileSize], [t0].[IsEvidence], [t0].[ProjectId], [t0].[Scope], [t0].[TaskItemId], [t0].[UpdatedAt], [t0].[UploadedAt], [t0].[UploadedById]
FROM [TaskComments] AS [t]
INNER JOIN [Users] AS [u] ON [t].[AuthorId] = [u].[Id]
LEFT JOIN [TaskAttachments] AS [t0] ON [t].[Id] = [t0].[CommentId]
WHERE [t].[TaskItemId] = @taskItemId
ORDER BY [t].[CreatedAt], [t].[Id], [u].[Id]
[17:44:48 INF] Executed DbCommand (43ms) [Parameters=[@taskItemId='?' (DbType = Guid)], CommandType='Text', CommandTimeout='30']
SELECT [t].[Id], [t].[CommentId], [t].[ContentType], [t].[CreatedAt], [t].[EvidenceApprovalStatus], [t].[EvidenceReviewNote], [t].[EvidenceReviewedAt], [t].[EvidenceReviewedById], [t].[FileName], [t].[FilePath], [t].[FileSize], [t].[IsEvidence], [t].[ProjectId], [t].[Scope], [t].[TaskItemId], [t].[UpdatedAt], [t].[UploadedAt], [t].[UploadedById], [u].[Id], [u].[AvatarUrl], [u].[CreatedAt], [u].[Email], [u].[FullName], [u].[IsActive], [u].[PasswordHash], [u].[Role], [u].[UpdatedAt], [u0].[Id], [u0].[AvatarUrl], [u0].[CreatedAt], [u0].[Email], [u0].[FullName], [u0].[IsActive], [u0].[PasswordHash], [u0].[Role], [u0].[UpdatedAt]
FROM [TaskAttachments] AS [t]
INNER JOIN [Users] AS [u] ON [t].[UploadedById] = [u].[Id]
LEFT JOIN [Users] AS [u0] ON [t].[EvidenceReviewedById] = [u0].[Id]
WHERE [t].[TaskItemId] = @taskItemId
ORDER BY [t].[UploadedAt] DESC
[17:44:48 INF] HTTP GET /api/comments/task/10fe5b33-1965-4133-9e9e-b6db3067a9dc responded 200 in 68.8787 ms
[17:44:48 INF] HTTP GET /api/attachments/task/10fe5b33-1965-4133-9e9e-b6db3067a9dc responded 200 in 70.0675 ms
[17:44:48 INF] Executed DbCommand (3ms) [Parameters=[@taskId='?' (DbType = Guid)], CommandType='Text', CommandTimeout='30']
SELECT TOP(1) [t].[Id], [t].[ActualHours], [t].[AssigneeId], [t].[ContributesToProgress], [t].[CreatedAt], [t].[Description], [t].[DownvoteCount], [t].[DueDate], [t].[EstimatedHours], [t].[ImportSessionId], [t].[IsPinned], [t].[IsPrivate], [t].[Priority], [t].[ProjectId], [t].[ReporterId], [t].[RowVersion], [t].[SortOrder], [t].[StartDate], [t].[Status], [t].[Title], [t].[UpdatedAt], [t].[UpvoteCount]
FROM [TaskItems] AS [t]
WHERE [t].[Id] = @taskId
[17:44:48 INF] Executed DbCommand (4ms) [Parameters=[@taskId='?' (DbType = Guid), @projectId='?' (DbType = Guid)], CommandType='Text', CommandTimeout='30']
SELECT [s].[Id], [s].[ActualHours], [s].[AssigneeId], [s].[ContributesToProgress], [s].[CreatedAt], [s].[Description], [s].[DownvoteCount], [s].[DueDate], [s].[EstimatedHours], [s].[ImportSessionId], [s].[IsPinned], [s].[IsPrivate], [s].[Priority], [s].[ProjectId], [s].[ReporterId], [s].[RowVersion], [s].[SortOrder], [s].[StartDate], [s].[Status], [s].[Title], [s].[UpdatedAt], [s].[UpvoteCount], [s].[Id0], [s].[Code], [s].[CreatedAt0], [s].[Description0], [s].[EndDate], [s].[LogoUrl], [s].[Name], [s].[OrganizationId], [s].[OwnerId], [s].[StartDate0], [s].[Status0], [s].[UpdatedAt0], [s].[Id1], [s].[AvatarUrl], [s].[CreatedAt1], [s].[Email], [s].[FullName], [s].[IsActive], [s].[PasswordHash], [s].[Role], [s].[UpdatedAt1], [s].[Id2], [s0].[Id], [s0].[AssignedAt], [s0].[AssignedByUserId], [s0].[CreatedAt], [s0].[TaskItemId], [s0].[UpdatedAt], [s0].[UserId], [s0].[Id0], [s0].[AvatarUrl], [s0].[CreatedAt0], [s0].[Email], [s0].[FullName], [s0].[IsActive], [s0].[PasswordHash], [s0].[Role], [s0].[UpdatedAt0], [s].[AvatarUrl0], [s].[CreatedAt2], [s].[Email0], [s].[FullName0], [s].[IsActive0], [s].[PasswordHash0], [s].[Role0], [s].[UpdatedAt2], [s1].[Id], [s1].[CreatedAt], [s1].[ProjectLabelId], [s1].[TaskItemId], [s1].[UpdatedAt], [s1].[Id0], [s1].[Color], [s1].[CreatedAt0], [s1].[Name], [s1].[ProjectId], [s1].[UpdatedAt0], [t2].[Id], [t2].[AuthorId], [t2].[Content], [t2].[CreatedAt], [t2].[DownvoteCount], [t2].[ParentCommentId], [t2].[TaskItemId], [t2].[UpdatedAt], [t2].[UpvoteCount], [t3].[Id], [t3].[CommentId], [t3].[ContentType], [t3].[CreatedAt], [t3].[EvidenceApprovalStatus], [t3].[EvidenceReviewNote], [t3].[EvidenceReviewedAt], [t3].[EvidenceReviewedById], [t3].[FileName], [t3].[FilePath], [t3].[FileSize], [t3].[IsEvidence], [t3].[ProjectId], [t3].[Scope], [t3].[TaskItemId], [t3].[UpdatedAt], [t3].[UploadedAt], [t3].[UploadedById]
FROM (
    SELECT TOP(1) [t].[Id], [t].[ActualHours], [t].[AssigneeId], [t].[ContributesToProgress], [t].[CreatedAt], [t].[Description], [t].[DownvoteCount], [t].[DueDate], [t].[EstimatedHours], [t].[ImportSessionId], [t].[IsPinned], [t].[IsPrivate], [t].[Priority], [t].[ProjectId], [t].[ReporterId], [t].[RowVersion], [t].[SortOrder], [t].[StartDate], [t].[Status], [t].[Title], [t].[UpdatedAt], [t].[UpvoteCount], [p].[Id] AS [Id0], [p].[Code], [p].[CreatedAt] AS [CreatedAt0], [p].[Description] AS [Description0], [p].[EndDate], [p].[LogoUrl], [p].[Name], [p].[OrganizationId], [p].[OwnerId], [p].[StartDate] AS [StartDate0], [p].[Status] AS [Status0], [p].[UpdatedAt] AS [UpdatedAt0], [u].[Id] AS [Id1], [u].[AvatarUrl], [u].[CreatedAt] AS [CreatedAt1], [u].[Email], [u].[FullName], [u].[IsActive], [u].[PasswordHash], [u].[Role], [u].[UpdatedAt] AS [UpdatedAt1], [u0].[Id] AS [Id2], [u0].[AvatarUrl] AS [AvatarUrl0], [u0].[CreatedAt] AS [CreatedAt2], [u0].[Email] AS [Email0], [u0].[FullName] AS [FullName0], [u0].[IsActive] AS [IsActive0], [u0].[PasswordHash] AS [PasswordHash0], [u0].[Role] AS [Role0], [u0].[UpdatedAt] AS [UpdatedAt2]
    FROM [TaskItems] AS [t]
    INNER JOIN [Projects] AS [p] ON [t].[ProjectId] = [p].[Id]
    LEFT JOIN [Users] AS [u] ON [t].[AssigneeId] = [u].[Id]
    INNER JOIN [Users] AS [u0] ON [t].[ReporterId] = [u0].[Id]
    WHERE [t].[Id] = @taskId AND [t].[ProjectId] = @projectId
) AS [s]
LEFT JOIN (
    SELECT [t0].[Id], [t0].[AssignedAt], [t0].[AssignedByUserId], [t0].[CreatedAt], [t0].[TaskItemId], [t0].[UpdatedAt], [t0].[UserId], [u1].[Id] AS [Id0], [u1].[AvatarUrl], [u1].[CreatedAt] AS [CreatedAt0], [u1].[Email], [u1].[FullName], [u1].[IsActive], [u1].[PasswordHash], [u1].[Role], [u1].[UpdatedAt] AS [UpdatedAt0]
    FROM [TaskAssignments] AS [t0]
    INNER JOIN [Users] AS [u1] ON [t0].[UserId] = [u1].[Id]
) AS [s0] ON [s].[Id] = [s0].[TaskItemId]
LEFT JOIN (
    SELECT [t1].[Id], [t1].[CreatedAt], [t1].[ProjectLabelId], [t1].[TaskItemId], [t1].[UpdatedAt], [p0].[Id] AS [Id0], [p0].[Color], [p0].[CreatedAt] AS [CreatedAt0], [p0].[Name], [p0].[ProjectId], [p0].[UpdatedAt] AS [UpdatedAt0]
    FROM [TaskLabels] AS [t1]
    INNER JOIN [ProjectLabels] AS [p0] ON [t1].[ProjectLabelId] = [p0].[Id]
) AS [s1] ON [s].[Id] = [s1].[TaskItemId]
LEFT JOIN [TaskComments] AS [t2] ON [s].[Id] = [t2].[TaskItemId]
LEFT JOIN [TaskAttachments] AS [t3] ON [s].[Id] = [t3].[TaskItemId]
ORDER BY [s].[Id], [s].[Id0], [s].[Id1], [s].[Id2], [s0].[Id], [s0].[Id0], [s1].[Id], [s1].[Id0], [t2].[Id]
[17:44:48 INF] Executed DbCommand (2ms) [Parameters=[@taskId='?' (DbType = Guid)], CommandType='Text', CommandTimeout='30']
SELECT [t].[Id], [t].[CreatedAt], [t].[EndedAt], [t].[ManualMinutes], [t].[Note], [t].[StartedAt], [t].[TaskId], [t].[UpdatedAt], [t].[UserId], [t0].[Id], [t0].[ActualHours], [t0].[AssigneeId], [t0].[ContributesToProgress], [t0].[CreatedAt], [t0].[Description], [t0].[DownvoteCount], [t0].[DueDate], [t0].[EstimatedHours], [t0].[ImportSessionId], [t0].[IsPinned], [t0].[IsPrivate], [t0].[Priority], [t0].[ProjectId], [t0].[ReporterId], [t0].[RowVersion], [t0].[SortOrder], [t0].[StartDate], [t0].[Status], [t0].[Title], [t0].[UpdatedAt], [t0].[UpvoteCount], [u].[Id], [u].[AvatarUrl], [u].[CreatedAt], [u].[Email], [u].[FullName], [u].[IsActive], [u].[PasswordHash], [u].[Role], [u].[UpdatedAt]
FROM [TimeEntries] AS [t]
INNER JOIN [TaskItems] AS [t0] ON [t].[TaskId] = [t0].[Id]
INNER JOIN [Users] AS [u] ON [t].[UserId] = [u].[Id]
WHERE [t].[TaskId] = @taskId
ORDER BY [t].[StartedAt] DESC
[17:44:48 INF] HTTP GET /api/tasks/10fe5b33-1965-4133-9e9e-b6db3067a9dc/time-entries responded 200 in 84.8482 ms
[17:44:48 INF] Executed DbCommand (2ms) [Parameters=[@taskId='?' (DbType = Guid), @currentUserId_Value='?' (DbType = Guid)], CommandType='Text', CommandTimeout='30']
SELECT TOP(1) [t].[Id], [t].[CreatedAt], [t].[TaskItemId], [t].[UpdatedAt], [t].[UserId], [t].[ViewCount], [t].[ViewedAt]
FROM [TaskViewEvents] AS [t]
WHERE [t].[TaskItemId] = @taskId AND [t].[UserId] = @currentUserId_Value
[17:44:48 INF] Executed DbCommand (10ms) [Parameters=[@p6='?' (DbType = Guid), @p0='?' (DbType = DateTimeOffset), @p1='?' (DbType = Guid), @p2='?' (DbType = DateTimeOffset), @p3='?' (DbType = Guid), @p4='?' (DbType = Int32), @p5='?' (DbType = DateTimeOffset)], CommandType='Text', CommandTimeout='30']
SET IMPLICIT_TRANSACTIONS OFF;
SET NOCOUNT ON;
UPDATE [TaskViewEvents] SET [CreatedAt] = @p0, [TaskItemId] = @p1, [UpdatedAt] = @p2, [UserId] = @p3, [ViewCount] = @p4, [ViewedAt] = @p5
OUTPUT 1
WHERE [Id] = @p6;
[17:44:48 INF] HTTP POST /api/projects/90df9211-b400-4661-8db6-1a362d208892/tasks/10fe5b33-1965-4133-9e9e-b6db3067a9dc/viewed responded 200 in 103.9377 ms
[17:44:53 INF] HTTP GET /dist/assets/ProjectList.vue_vue_type_script_setup_true_lang.js responded 304 in 0.3011 ms
[17:44:53 INF] HTTP GET /dist/assets/ProjectsPage.js responded 304 in 0.2628 ms
[17:44:53 INF] HTTP GET /dist/assets/ProjectsPage.css responded 304 in 0.2766 ms
[17:44:56 INF] HTTP GET /dist/assets/TeamsPage.js responded 304 in 0.3406 ms
[17:44:57 INF] HTTP GET /dist/assets/TasksPage.js responded 304 in 0.7911 ms
[17:45:09 INF] Executed DbCommand (10ms) [Parameters=[@userId='?' (DbType = Guid)], CommandType='Text', CommandTimeout='30']
SELECT [n].[Id], [n].[CreatedAt], [n].[IsRead], [n].[Message], [n].[RelatedEntityId], [n].[RelatedEntityType], [n].[Type], [n].[UpdatedAt], [n].[UserId]
FROM [Notifications] AS [n]
WHERE [n].[UserId] = @userId AND [n].[IsRead] = CAST(0 AS bit)
[17:45:09 INF] HTTP PATCH /api/notifications/read-all responded 200 in 51.9200 ms
[17:47:22 INF] Executed DbCommand (31ms) [Parameters=[@userId='?' (DbType = Guid)], CommandType='Text', CommandTimeout='30']
SELECT COUNT(*)
FROM [Projects] AS [p]
WHERE [p].[OwnerId] = @userId OR EXISTS (
    SELECT 1
    FROM [ProjectMembers] AS [p0]
    WHERE [p].[Id] = [p0].[ProjectId] AND [p0].[UserId] = @userId)
[17:47:22 WRN] Compiling a query which loads related collections for more than one collection navigation, either via 'Include' or through projection, but no 'QuerySplittingBehavior' has been configured. By default, Entity Framework will use 'QuerySplittingBehavior.SingleQuery', which can potentially result in slow query performance. See https://go.microsoft.com/fwlink/?linkid=2134277 for more information. To identify the query that's triggering this warning call 'ConfigureWarnings(w => w.Throw(RelationalEventId.MultipleCollectionIncludeWarning))'.
[17:47:22 INF] Executed DbCommand (69ms) [Parameters=[@userId='?' (DbType = Guid), @p='?' (DbType = Int32), @p3='?' (DbType = Int32)], CommandType='Text', CommandTimeout='30']
SELECT [p1].[Id], [p1].[Code], [p1].[CreatedAt], [p1].[Description], [p1].[EndDate], [p1].[LogoUrl], [p1].[Name], [p1].[OrganizationId], [p1].[OwnerId], [p1].[StartDate], [p1].[Status], [p1].[UpdatedAt], [u].[Id], [u].[AvatarUrl], [u].[CreatedAt], [u].[Email], [u].[FullName], [u].[IsActive], [u].[PasswordHash], [u].[Role], [u].[UpdatedAt], [o].[Id], [o].[Code], [o].[CreatedAt], [o].[Description], [o].[IsActive], [o].[Name], [o].[OwnerId], [o].[UpdatedAt], [o0].[Id], [o0].[CreatedAt], [o0].[JoinedAt], [o0].[OrganizationId], [o0].[Role], [o0].[UpdatedAt], [o0].[UserId], [p2].[Id], [p2].[CanNudgeAssignee], [p2].[CanViewProjectTimeline], [p2].[CanViewTaskRisk], [p2].[CanViewUnseenTaskSignal], [p2].[CreatedAt], [p2].[JoinedAt], [p2].[ProjectId], [p2].[Role], [p2].[UpdatedAt], [p2].[UserId], [p3].[Id], [p3].[Color], [p3].[CreatedAt], [p3].[Name], [p3].[ProjectId], [p3].[UpdatedAt], [t].[Id], [t].[ActualHours], [t].[AssigneeId], [t].[ContributesToProgress], [t].[CreatedAt], [t].[Description], [t].[DownvoteCount], [t].[DueDate], [t].[EstimatedHours], [t].[ImportSessionId], [t].[IsPinned], [t].[IsPrivate], [t].[Priority], [t].[ProjectId], [t].[ReporterId], [t].[RowVersion], [t].[SortOrder], [t].[StartDate], [t].[Status], [t].[Title], [t].[UpdatedAt], [t].[UpvoteCount]
FROM (
    SELECT [p].[Id], [p].[Code], [p].[CreatedAt], [p].[Description], [p].[EndDate], [p].[LogoUrl], [p].[Name], [p].[OrganizationId], [p].[OwnerId], [p].[StartDate], [p].[Status], [p].[UpdatedAt]
    FROM [Projects] AS [p]
    WHERE [p].[OwnerId] = @userId OR EXISTS (
        SELECT 1
        FROM [ProjectMembers] AS [p0]
        WHERE [p].[Id] = [p0].[ProjectId] AND [p0].[UserId] = @userId)
    ORDER BY [p].[CreatedAt] DESC
    OFFSET @p ROWS FETCH NEXT @p3 ROWS ONLY
) AS [p1]
INNER JOIN [Users] AS [u] ON [p1].[OwnerId] = [u].[Id]
LEFT JOIN [Organizations] AS [o] ON [p1].[OrganizationId] = [o].[Id]
LEFT JOIN [OrganizationMembers] AS [o0] ON [o].[Id] = [o0].[OrganizationId]
LEFT JOIN [ProjectMembers] AS [p2] ON [p1].[Id] = [p2].[ProjectId]
LEFT JOIN [ProjectLabels] AS [p3] ON [p1].[Id] = [p3].[ProjectId]
LEFT JOIN [TaskItems] AS [t] ON [p1].[Id] = [t].[ProjectId]
ORDER BY [p1].[CreatedAt] DESC, [p1].[Id], [u].[Id], [o].[Id], [o0].[Id], [p2].[Id], [p3].[Id]
[17:47:22 INF] HTTP GET /api/projects/mine responded 200 in 341.2342 ms
[17:47:22 INF] HTTP GET /hubs/notification responded 101 in 154164.4638 ms
[17:47:22 INF] HTTP GET /hubs/notification responded 101 in 154215.0028 ms
[17:49:18 INF] HTTP GET /api/dashboard/v2/projects/{projectId}/summary responded 404 in 4.9277 ms
[17:49:53 INF] Executed DbCommand (8ms) [Parameters=[@projectId='?' (DbType = Guid)], CommandType='Text', CommandTimeout='30']
SELECT TOP(1) [p].[Id], [p].[OwnerId]
FROM [Projects] AS [p]
WHERE [p].[Id] = @projectId
[17:49:53 WRN] The query uses the 'First'/'FirstOrDefault' operator without 'OrderBy' and filter operators. This may lead to unpredictable results.
[17:49:53 INF] Executed DbCommand (53ms) [Parameters=[@now='?' (DbType = DateTimeOffset), @dueSoonThreshold='?' (DbType = DateTimeOffset), @projectId='?' (DbType = Guid)], CommandType='Text', CommandTimeout='30']
SELECT TOP(1) COUNT(*) AS [TotalTasks], COUNT(CASE
    WHEN [t0].[Status] IN (N'Todo', N'InProgress', N'InReview', N'OnHold') THEN 1
END) AS [OpenTasks], COUNT(CASE
    WHEN [t0].[Status] = N'Todo' THEN 1
END) AS [BacklogTasks], COUNT(CASE
    WHEN [t0].[Status] = N'InProgress' THEN 1
END) AS [InProgressTasks], COUNT(CASE
    WHEN [t0].[Status] = N'Done' THEN 1
END) AS [DoneTasks], COUNT(CASE
    WHEN [t0].[Status] = N'Cancelled' THEN 1
END) AS [CancelledTasks], COUNT(CASE
    WHEN [t0].[Status] IN (N'Todo', N'InProgress', N'InReview', N'OnHold') AND [t0].[DueDate] IS NOT NULL AND [t0].[DueDate] < @now THEN 1
END) AS [OverdueTasks], COUNT(CASE
    WHEN [t0].[Status] IN (N'Todo', N'InProgress', N'InReview', N'OnHold') AND [t0].[DueDate] IS NOT NULL AND [t0].[DueDate] >= @now AND [t0].[DueDate] < @dueSoonThreshold THEN 1
END) AS [DueSoon24h], COUNT(CASE
    WHEN [t0].[ContributesToProgress] = CAST(1 AS bit) AND [t0].[Status] = N'Done' THEN 1
END) AS [CompletedForProgress], COUNT(CASE
    WHEN [t0].[ContributesToProgress] = CAST(1 AS bit) AND [t0].[Status] <> N'Cancelled' THEN 1
END) AS [TotalForProgress], COUNT(CASE
    WHEN [t0].[Status] IN (N'Todo', N'InProgress', N'InReview', N'OnHold') AND [t0].[DueDate] IS NULL THEN 1
END) AS [MissingDueDateOpen], COUNT([s].[value]) AS [MissingAssigneeOpen]
FROM (
    SELECT [t].[Id], [t].[AssigneeId], [t].[ContributesToProgress], [t].[DueDate], [t].[Status], 1 AS [Key]
    FROM [TaskItems] AS [t]
    WHERE [t].[ProjectId] = @projectId
) AS [t0]
OUTER APPLY (
    SELECT CASE
        WHEN [t0].[Status] IN (N'Todo', N'InProgress', N'InReview', N'OnHold') AND [t0].[AssigneeId] IS NULL AND (
            SELECT COUNT(*)
            FROM [TaskAssignments] AS [t1]
            WHERE [t0].[Id] = [t1].[TaskItemId]) = 0 THEN 1
    END AS [value]
) AS [s]
GROUP BY [t0].[Key]
[17:49:53 INF] Executed DbCommand (5ms) [Parameters=[@projectId='?' (DbType = Guid)], CommandType='Text', CommandTimeout='30']
SELECT [t].[Status], COUNT(*) AS [Count]
FROM [TaskItems] AS [t]
WHERE [t].[ProjectId] = @projectId
GROUP BY [t].[Status]
[17:49:53 INF] HTTP GET /api/dashboard/v2/projects/90df9211-b400-4661-8db6-1a362d208892/summary responded 200 in 231.2840 ms
[17:51:16 INF] HTTP GET /hubs/notification responded 101 in 425358.7247 ms
[17:51:16 INF] HTTP GET /hubs/notification responded 101 in 425337.3269 ms
